Job_ID,Machine_ID,Operation_Type,Material_Used,Processing_Time,Energy_Consumption,Machine_Availability,Scheduled_Start,Scheduled_End,Job_Status,Optimization_Category,Production_Output,lag_1,lag_2,lag_3,rolling_mean_7,hour,day_of_week,op_enc,mach_enc
J007,M04,Milling,4.67,22,14.2,87,2023-03-18 09:00:00,2023-03-18 09:22:00,Completed,Moderate Efficiency,120.15544208762795,115.82761060061794,120.63178995074985,128.86446599600728,123.02300661817232,9,5,4,3
J008,M05,Grinding,1.57,79,13.86,91,2023-03-18 09:10:00,2023-03-18 10:29:00,Completed,Low Efficiency,112.90621395851151,120.15544208762795,115.82761060061794,120.63178995074985,120.72228550798276,9,5,2,4
J009,M02,Drilling,3.49,42,8.97,81,2023-03-18 09:20:00,2023-03-18 10:02:00,Completed,Moderate Efficiency,115.23490574103222,112.90621395851151,120.15544208762795,115.82761060061794,120.18530260786792,9,5,1,1
J010,M01,Drilling,2.1,27,3.66,97,2023-03-18 09:30:00,2023-03-18 09:57:00,Delayed,Low Efficiency,130.61099250969187,115.23490574103222,112.90621395851151,120.15544208762795,120.60448869203408,9,5,1,0
J011,M01,Lathe,3.02,65,9.98,90,2023-03-18 09:40:00,2023-03-18 10:45:00,Completed,Low Efficiency,115.31421785580439,130.61099250969187,115.23490574103222,112.90621395851151,118.6687389577194,9,5,3,0
J012,M03,Grinding,2.71,28,8.08,88,2023-03-18 09:50:00,2023-03-18 10:18:00,Delayed,Low Efficiency,126.46036753481488,115.31421785580439,130.61099250969187,115.23490574103222,119.50139289830011,9,5,2,2
J013,M03,Lathe,3.1,43,5.55,95,2023-03-18 10:00:00,2023-03-18 10:43:00,Completed,High Efficiency,130.99518862573495,126.46036753481488,115.31421785580439,130.61099250969187,121.66818975903111,10,5,3,2
J014,M04,Additive,2.33,112,2.01,95,2023-03-18 10:10:00,2023-03-18 12:02:00,Completed,Optimal Efficiency,136.85137508246413,130.99518862573495,126.46036753481488,115.31421785580439,124.05332304400771,10,5,0,3
J015,M05,Additive,3.92,104,3.67,98,2023-03-18 10:20:00,2023-03-18 12:04:00,Completed,High Efficiency,145.93531616372712,136.85137508246413,130.99518862573495,126.46036753481488,128.77176621618136,10,5,0,4
J016,M01,Additive,2.09,65,12.29,96,2023-03-18 10:30:00,2023-03-18 11:35:00,Completed,Low Efficiency,121.03537163687135,145.93531616372712,136.85137508246413,130.99518862573495,129.60040420130125,10,5,0,0
J017,M03,Lathe,4.3,115,9.44,80,2023-03-18 10:40:00,2023-03-18 12:35:00,Completed,Low Efficiency,122.19239536578803,121.03537163687135,145.93531616372712,136.85137508246413,128.39774746645784,10,5,3,2
J018,M05,Lathe,2.25,55,10.95,94,2023-03-18 10:50:00,2023-03-18 11:45:00,Completed,Low Efficiency,118.909208681171,122.19239536578803,121.03537163687135,145.93531616372712,128.91131758436737,10,5,3,4
J019,M02,Milling,4.62,52,3.27,82,2023-03-18 11:00:00,2023-03-18 11:52:00,Completed,Low Efficiency,122.91133850825452,118.909208681171,122.19239536578803,121.03537163687135,128.40431343771587,11,5,4,1
J020,M05,Lathe,1.39,42,14.19,91,2023-03-18 11:10:00,2023-03-18 11:52:00,Completed,Moderate Efficiency,106.36652130349137,122.91133850825452,118.909208681171,122.19239536578803,124.88593239168108,11,5,3,4
J021,M02,Milling,3.95,107,13.73,83,2023-03-18 11:20:00,2023-03-18 13:07:00,Completed,Low Efficiency,94.48405092082962,106.36652130349137,122.91133850825452,118.909208681171,118.83345751144758,11,5,4,1
J022,M03,Additive,3.3,64,4.14,93,2023-03-18 11:30:00,2023-03-18 12:34:00,Delayed,Low Efficiency,137.2500929772018,94.48405092082962,106.36652130349137,122.91133850825452,117.59271134194395,11,5,0,2
J023,M01,Drilling,4.86,98,13.49,89,2023-03-18 11:40:00,2023-03-18 13:18:00,Completed,Low Efficiency,124.34418099429753,137.2500929772018,94.48405092082962,106.36652130349137,118.06539839300483,11,5,1,0
J024,M02,Grinding,1.84,84,8.81,98,2023-03-18 11:50:00,2023-03-18 13:14:00,Delayed,Low Efficiency,118.0571748979678,124.34418099429753,137.2500929772018,94.48405092082962,117.47465261188766,11,5,2,1
J026,M01,Additive,1.14,21,3.89,97,2023-03-18 12:10:00,2023-03-18 12:31:00,Completed,High Efficiency,119.65017162700617,125.76877311993803,118.0571748979678,124.34418099429753,117.9887094058189,12,5,0,0
J028,M03,Milling,3.21,93,4.16,98,2023-03-18 12:30:00,2023-03-18 14:03:00,Completed,Low Efficiency,128.70708074987084,111.72579258650723,119.65017162700617,125.76877311993803,123.64332385039849,12,5,4,2
J029,M02,Milling,3.47,116,5.39,91,2023-03-18 12:40:00,2023-03-18 14:36:00,Completed,Low Efficiency,129.6408960717923,128.70708074987084,111.72579258650723,119.65017162700617,122.55629572105428,12,5,4,1
J030,M05,Grinding,4.62,66,10.36,89,2023-03-18 12:50:00,2023-03-18 13:56:00,Completed,Moderate Efficiency,134.28479384950143,129.6408960717923,128.70708074987084,111.72579258650723,123.97638327179769,12,5,2,4
J031,M03,Grinding,1.7,37,3.21,96,2023-03-18 13:00:00,2023-03-18 13:37:00,Completed,High Efficiency,128.67273712848458,134.28479384950143,129.6408960717923,128.70708074987084,125.49289216187152,13,5,2,2
J032,M03,Drilling,3.02,78,4.93,80,2023-03-18 13:10:00,2023-03-18 14:28:00,Completed,High Efficiency,121.54481259801086,128.67273712848458,134.28479384950143,129.6408960717923,124.88946923016763,13,5,1,2
J033,M04,Lathe,3.7,103,8.02,80,2023-03-18 13:20:00,2023-03-18 15:03:00,Delayed,Low Efficiency,111.38707126184944,121.54481259801086,128.67273712848458,134.28479384950143,123.70902632085952,13,5,3,3
J034,M01,Grinding,1.47,110,12.52,86,2023-03-18 13:30:00,2023-03-18 15:20:00,Delayed,Low Efficiency,95.01701765888036,111.38707126184944,121.54481259801086,128.67273712848458,121.3220584740557,13,5,2,0
J035,M02,Drilling,2.05,47,12.12,82,2023-03-18 13:40:00,2023-03-18 14:27:00,Completed,Moderate Efficiency,105.99143925336925,95.01701765888036,111.38707126184944,121.54481259801086,118.07696683169831,13,5,1,1
J036,M04,Additive,1.76,99,4.72,96,2023-03-18 13:50:00,2023-03-18 15:29:00,Completed,Low Efficiency,132.5777448455199,105.99143925336925,95.01701765888036,111.38707126184944,118.49651665651653,13,5,0,3
J037,M01,Milling,4.6,79,13.17,88,2023-03-18 14:00:00,2023-03-18 15:19:00,Completed,Moderate Efficiency,118.8474534036386,132.5777448455199,105.99143925336925,95.01701765888036,116.29118230710756,14,5,4,0
J038,M01,Grinding,4.77,43,4.98,94,2023-03-18 14:10:00,2023-03-18 14:53:00,Completed,High Efficiency,137.93089924392206,118.8474534036386,132.5777448455199,105.99143925336925,117.61377689502721,14,5,2,0
J040,M01,Lathe,2.29,50,9.94,97,2023-03-18 14:30:00,2023-03-18 15:20:00,Completed,Low Efficiency,116.17548624712333,117.79336591296023,137.93089924392206,118.8474534036386,117.76191522363054,14,5,3,0
J041,M04,Milling,1.15,88,11.64,82,2023-03-18 14:40:00,2023-03-18 16:08:00,Completed,Moderate Efficiency,96.91423517466455,116.17548624712333,117.79336591296023,137.93089924392206,118.03294629731398,14,5,4,3
J042,M04,Additive,1.55,48,13.57,95,2023-03-18 14:50:00,2023-03-18 15:38:00,Completed,Low Efficiency,112.54091031410513,96.91423517466455,116.17548624712333,117.79336591296023,118.96858502027627,14,5,0,3
J043,M03,Additive,4.84,75,4.53,87,2023-03-18 15:00:00,2023-03-18 16:15:00,Completed,High Efficiency,125.57264904687494,112.54091031410513,96.91423517466455,116.17548624712333,117.96785704904126,15,5,0,2
J044,M02,Lathe,1.82,109,5.67,93,2023-03-18 15:10:00,2023-03-18 16:59:00,Completed,Low Efficiency,129.21987697615896,125.57264904687494,112.54091031410513,96.91423517466455,119.44963184511562,15,5,3,1
J045,M02,Milling,3.52,78,3.03,91,2023-03-18 15:20:00,2023-03-18 16:38:00,Completed,High Efficiency,122.43573909124174,129.21987697615896,125.57264904687494,112.54091031410513,117.23603753758984,15,5,4,1
J046,M03,Milling,4.52,30,7.15,85,2023-03-18 15:30:00,2023-03-18 16:00:00,Delayed,Low Efficiency,118.04962849194406,122.43573909124174,129.21987697615896,125.57264904687494,117.27264647744468,15,5,4,2
J047,M02,Drilling,1.9,25,10.09,85,2023-03-18 15:40:00,2023-03-18 16:05:00,Completed,Moderate Efficiency,105.77802319975036,118.04962849194406,122.43573909124174,129.21987697615896,115.78729461353426,15,5,1,1
J048,M02,Lathe,3.67,75,4.12,99,2023-03-18 15:50:00,2023-03-18 17:05:00,Completed,Low Efficiency,136.48845177915956,105.77802319975036,118.04962849194406,122.43573909124174,121.44075412846212,15,5,3,1
J049,M02,Lathe,4.43,33,7.55,80,2023-03-18 16:00:00,2023-03-18 16:33:00,Completed,Moderate Efficiency,107.87551076221024,136.48845177915956,105.77802319975036,118.04962849194406,120.7742684781914,16,5,3,1
J050,M01,Lathe,1.42,104,3.09,87,2023-03-18 16:10:00,2023-03-18 17:54:00,Delayed,Low Efficiency,113.79829859893016,107.87551076221024,136.48845177915956,105.77802319975036,119.09221841419931,16,5,3,0
J052,M05,Grinding,3.91,23,9.2,82,2023-03-18 16:30:00,2023-03-18 16:53:00,Completed,Low Efficiency,122.17951248929631,122.18566719403164,113.79829859893016,107.87551076221024,118.0507275021889,16,5,2,4
J053,M02,Lathe,1.85,97,4.77,98,2023-03-18 16:40:00,2023-03-18 18:17:00,Completed,Low Efficiency,122.09697431215565,122.17951248929631,122.18566719403164,113.79829859893016,118.62891976221913,16,5,3,1
J054,M05,Drilling,2.79,64,6.66,82,2023-03-18 16:50:00,2023-03-18 17:54:00,Delayed,Low Efficiency,115.46983907938794,122.09697431215565,122.17951248929631,122.18566719403164,120.01346488788165,16,5,1,4
J055,M05,Drilling,4.61,116,13.1,99,2023-03-18 17:00:00,2023-03-18 18:56:00,Completed,Low Efficiency,133.47408885830671,115.46983907938794,122.09697431215565,122.17951248929631,119.58284161347409,17,5,1,4
J056,M01,Drilling,4.2,104,11.91,80,2023-03-18 17:10:00,2023-03-18 18:54:00,Completed,Low Efficiency,114.54965935265209,133.47408885830671,115.46983907938794,122.09697431215565,120.53629141210865,17,5,1,0
J057,M02,Additive,1.04,31,6.53,86,2023-03-18 17:20:00,2023-03-18 17:51:00,Completed,Low Efficiency,116.43658611191584,114.54965935265209,133.47408885830671,115.46983907938794,120.91318962824946,17,5,0,1
J058,M01,Grinding,1.03,83,8.42,81,2023-03-18 17:30:00,2023-03-18 18:53:00,Completed,High Efficiency,105.81335948869891,116.43658611191584,114.54965935265209,133.47408885830671,118.57428852748764,17,5,2,0
J059,M05,Additive,3.62,62,6.06,88,2023-03-18 17:40:00,2023-03-18 18:42:00,Delayed,Low Efficiency,128.62638953159518,105.81335948869891,116.43658611191584,114.54965935265209,119.49527096210177,17,5,0,4
J060,M01,Milling,3.29,66,8.69,80,2023-03-18 17:50:00,2023-03-18 18:56:00,Completed,Moderate Efficiency,105.27329417006432,128.62638953159518,105.81335948869891,116.43658611191584,117.09188808466014,17,5,4,0
J062,M02,Lathe,2.47,98,9.93,82,2023-03-18 18:10:00,2023-03-18 19:48:00,Delayed,Low Efficiency,106.0312341922973,109.96669776112026,105.27329417006432,128.62638953159518,112.38531722976343,18,5,3,1
J064,M02,Lathe,4.81,71,7.42,83,2023-03-18 18:30:00,2023-03-18 19:41:00,Completed,High Efficiency,111.19958698834162,111.35426858977773,106.0312341922973,109.96669776112026,111.18069010312789,18,5,3,1
J066,M03,Drilling,3.47,52,2.09,97,2023-03-18 18:50:00,2023-03-18 19:42:00,Delayed,Low Efficiency,136.2280953189587,123.21213071126877,111.19958698834162,111.35426858977773,114.75218681883267,18,5,1,2
J067,M02,Lathe,3.28,23,3.79,84,2023-03-18 19:00:00,2023-03-18 19:23:00,Delayed,Low Efficiency,111.48100826516978,136.2280953189587,123.21213071126877,111.19958698834162,115.63900311813346,19,5,3,1
J068,M02,Lathe,3.48,116,9.64,82,2023-03-18 19:10:00,2023-03-18 21:06:00,Completed,Low Efficiency,114.0259112776289,111.48100826516978,136.2280953189587,123.21213071126877,116.21889076334898,19,5,3,1
J069,M04,Additive,2.61,29,9.58,80,2023-03-18 19:20:00,2023-03-18 19:49:00,Completed,Moderate Efficiency,111.6025081780838,114.0259112776289,111.48100826516978,136.2280953189587,117.01478704703277,19,5,0,3
J071,M04,Milling,2.62,25,7.29,95,2023-03-18 19:40:00,2023-03-18 20:05:00,Completed,Low Efficiency,126.56745281088769,127.2027269789807,111.6025081780838,114.0259112776289,121.47426193442548,19,5,4,3
J072,M05,Grinding,3.52,68,6.05,99,2023-03-18 19:50:00,2023-03-18 20:58:00,Completed,High Efficiency,136.90491455378705,126.56745281088769,127.2027269789807,111.6025081780838,123.4303739119281,19,5,2,4
J073,M04,Drilling,4.17,112,11.57,89,2023-03-18 20:00:00,2023-03-18 21:52:00,Completed,Moderate Efficiency,130.1080034227165,136.90491455378705,126.56745281088769,127.2027269789807,122.55607506960777,20,5,1,3
J074,M04,Milling,3.72,65,12.97,86,2023-03-18 20:10:00,2023-03-18 21:15:00,Completed,Moderate Efficiency,106.58187089823173,130.1080034227165,136.90491455378705,126.56745281088769,121.85619830290234,20,5,4,3
J075,M05,Additive,3.55,85,7.52,84,2023-03-18 20:20:00,2023-03-18 21:45:00,Completed,High Efficiency,128.61270820588774,106.58187089823173,130.1080034227165,136.90491455378705,123.94002643551075,20,5,0,4
J077,M01,Milling,3.46,62,7.46,84,2023-03-18 20:40:00,2023-03-18 21:42:00,Completed,High Efficiency,108.00401425409059,105.52894954529843,128.61270820588774,106.58187089823173,120.32970195584282,20,5,4,0
J078,M02,Milling,2.08,107,2.2,89,2023-03-18 20:50:00,2023-03-18 22:37:00,Delayed,Low Efficiency,116.44575167617792,108.00401425409059,105.52894954529843,128.61270820588774,118.88374465088428,20,5,4,1
J079,M05,Milling,4.55,84,7.43,97,2023-03-18 21:00:00,2023-03-18 22:24:00,Delayed,Low Efficiency,131.05123733936315,116.44575167617792,108.00401425409059,105.52894954529843,118.04750504882372,21,5,4,4
J080,M04,Grinding,2.11,82,14.62,89,2023-03-18 21:10:00,2023-03-18 22:32:00,Completed,Low Efficiency,111.82182671114874,131.05123733936315,116.44575167617792,108.00401425409059,115.43519409002832,21,5,2,3
J081,M02,Additive,4.01,69,11.72,88,2023-03-18 21:20:00,2023-03-18 22:29:00,Completed,Low Efficiency,116.04525079608322,111.82182671114874,131.05123733936315,116.44575167617792,116.7871055040071,21,5,0,1
J082,M01,Drilling,1.73,24,13.39,98,2023-03-18 21:30:00,2023-03-18 21:54:00,Completed,Low Efficiency,120.89113243477094,116.04525079608322,111.82182671114874,131.05123733936315,115.68402325099042,21,5,1,0
J083,M03,Drilling,4.15,59,12.15,85,2023-03-18 21:40:00,2023-03-18 22:39:00,Completed,Moderate Efficiency,121.2733121986523,120.89113243477094,116.04525079608322,111.82182671114874,117.93321791575526,21,5,1,2
J084,M05,Drilling,1.19,77,11.36,95,2023-03-18 21:50:00,2023-03-18 23:07:00,Delayed,Low Efficiency,112.85178156861389,121.2733121986523,120.89113243477094,116.04525079608322,118.6257561035443,21,5,1,4
J085,M02,Lathe,3.38,44,3.35,87,2023-03-18 22:00:00,2023-03-18 22:44:00,Completed,High Efficiency,130.351260968978,112.85178156861389,121.2733121986523,120.89113243477094,120.61225743108717,22,5,3,1
J086,M05,Drilling,2.77,77,14.07,93,2023-03-18 22:10:00,2023-03-18 23:27:00,Completed,Moderate Efficiency,130.69044588015294,130.351260968978,112.85178156861389,121.2733121986523,120.56071579405716,22,5,1,4
J087,M03,Lathe,2.33,59,14.83,98,2023-03-18 22:20:00,2023-03-18 23:19:00,Delayed,Low Efficiency,121.65289785579827,130.69044588015294,130.351260968978,112.85178156861389,121.9651545290071,22,5,3,2
J088,M04,Additive,1.36,60,9.56,94,2023-03-18 22:30:00,2023-03-18 23:30:00,Completed,Low Efficiency,122.08837582093825,121.65289785579827,130.69044588015294,130.351260968978,122.82845810398638,22,5,0,3
J089,M04,Grinding,4.66,55,14.16,81,2023-03-18 22:40:00,2023-03-18 23:35:00,Completed,Low Efficiency,109.26423689244729,122.08837582093825,121.65289785579827,130.69044588015294,121.16747302651156,22,5,2,3
J090,M02,Lathe,2.38,27,12.34,99,2023-03-18 22:50:00,2023-03-18 23:17:00,Delayed,Low Efficiency,123.49425863465568,109.26423689244729,122.08837582093825,121.65289785579827,121.48475108879776,22,5,3,1
J091,M02,Grinding,4.86,60,14.6,83,2023-03-18 23:00:00,2023-03-19 00:00:00,Completed,Low Efficiency,111.37411526513412,123.49425863465568,109.26423689244729,122.08837582093825,121.27365590258637,23,5,2,1
J093,M03,Lathe,1.63,86,9.92,98,2023-03-18 23:20:00,2023-03-19 00:46:00,Delayed,Low Efficiency,120.24237489038431,135.11922535191215,111.37411526513412,123.49425863465568,120.46221210161,23,5,3,2
J094,M05,Lathe,4.43,51,7.61,86,2023-03-18 23:30:00,2023-03-19 00:21:00,Delayed,Low Efficiency,130.05619518241855,120.24237489038431,135.11922535191215,111.37411526513412,121.66268314827005,23,5,3,4
J095,M03,Lathe,3.43,113,9.22,89,2023-03-18 23:40:00,2023-03-19 01:33:00,Completed,Low Efficiency,120.922831985872,130.05619518241855,120.24237489038431,135.11922535191215,121.49617688611772,23,5,3,2
J096,M05,Milling,4.18,110,10.67,99,2023-03-18 23:50:00,2023-03-19 01:40:00,Delayed,Low Efficiency,132.55886584095973,120.922831985872,130.05619518241855,120.24237489038431,124.8239810216195,23,5,4,4
J097,M04,Drilling,3.88,57,3.8,87,2023-03-19 00:00:00,2023-03-19 00:57:00,Delayed,Low Efficiency,131.1725001036041,132.55886584095973,120.922831985872,130.05619518241855,125.92087266004071,0,6,1,3
J098,M03,Grinding,3.87,91,14.55,92,2023-03-19 00:10:00,2023-03-19 01:41:00,Completed,Moderate Efficiency,127.6143524695292,131.1725001036041,132.55886584095973,120.922831985872,128.24090654638286,0,6,2,2
J100,M02,Grinding,2.71,27,12.24,96,2023-03-19 00:30:00,2023-03-19 00:57:00,Completed,Moderate Efficiency,121.10694681722352,123.0955604635181,127.6143524695292,131.1725001036041,126.64675040901788,0,6,2,1
J101,M05,Additive,4.8,37,4.73,92,2023-03-19 00:40:00,2023-03-19 01:17:00,Completed,Low Efficiency,150.1397534852813,121.10694681722352,123.0955604635181,127.6143524695292,129.5158301665697,0,6,0,4
J102,M04,Grinding,4.96,110,14.56,88,2023-03-19 00:50:00,2023-03-19 02:40:00,Completed,Low Efficiency,114.04920469428777,150.1397534852813,121.10694681722352,123.0955604635181,128.5338834106291,0,6,2,3
J103,M05,Lathe,2.54,105,9.97,96,2023-03-19 01:00:00,2023-03-19 02:45:00,Delayed,Low Efficiency,117.37357500757135,114.04920469428777,150.1397534852813,121.10694681722352,126.36455614871647,1,6,3,4
J104,M05,Milling,3.6,62,8.45,87,2023-03-19 01:10:00,2023-03-19 02:12:00,Completed,Low Efficiency,124.90698354079007,117.37357500757135,114.04920469428777,150.1397534852813,125.46948235402876,1,6,4,4
J105,M03,Grinding,1.85,43,13.65,86,2023-03-19 01:20:00,2023-03-19 02:03:00,Completed,Low Efficiency,102.0293829744292,124.90698354079007,117.37357500757135,114.04920469428777,121.8144867118716,1,6,2,2
J106,M03,Grinding,4.58,107,8.8,80,2023-03-19 01:30:00,2023-03-19 03:17:00,Completed,Low Efficiency,128.18810592824647,102.0293829744292,124.90698354079007,117.37357500757135,122.5419932068328,1,6,2,2
J108,M05,Lathe,3.28,78,14.78,84,2023-03-19 01:50:00,2023-03-19 03:08:00,Completed,Moderate Efficiency,107.20672594279621,119.49790509620128,128.18810592824647,102.0293829744292,116.17884045490318,1,6,3,4
J109,M05,Lathe,3.19,102,5.14,84,2023-03-19 02:00:00,2023-03-19 03:42:00,Completed,Low Efficiency,131.8117101324019,107.20672594279621,119.49790509620128,128.18810592824647,118.71634123177662,2,6,3,4
J110,M05,Additive,3.17,107,9.31,89,2023-03-19 02:10:00,2023-03-19 03:57:00,Completed,Low Efficiency,134.52557395717213,131.8117101324019,107.20672594279621,119.49790509620128,121.16662679600532,2,6,0,4
J111,M01,Drilling,2.87,119,13.26,80,2023-03-19 02:20:00,2023-03-19 04:19:00,Completed,Low Efficiency,115.47079480213284,134.52557395717213,131.8117101324019,107.20672594279621,119.81859983334002,2,6,1,0
J112,M02,Lathe,3.71,74,7.12,95,2023-03-19 02:30:00,2023-03-19 03:44:00,Completed,Moderate Efficiency,130.47122329137693,115.47079480213284,134.52557395717213,131.8117101324019,123.88171987861824,2,6,3,1
J113,M01,Drilling,3.77,103,2.25,95,2023-03-19 02:40:00,2023-03-19 04:23:00,Completed,Low Efficiency,130.1888715747265,130.47122329137693,115.47079480213284,134.52557395717213,124.16754354240113,2,6,1,0
J114,M01,Lathe,1.26,116,4.36,98,2023-03-19 02:50:00,2023-03-19 04:46:00,Delayed,Low Efficiency,131.12832476549517,130.1888715747265,130.47122329137693,115.47079480213284,125.82903206658595,2,6,3,0
J115,M04,Lathe,1.32,114,9.49,86,2023-03-19 03:00:00,2023-03-19 04:54:00,Completed,High Efficiency,109.1919831452431,131.12832476549517,130.1888715747265,130.47122329137693,126.11264023836408,3,6,3,3
J116,M04,Milling,2.11,77,5.69,90,2023-03-19 03:10:00,2023-03-19 04:27:00,Completed,Low Efficiency,123.06928197898198,109.1919831452431,131.12832476549517,130.1888715747265,124.86372193073268,3,6,4,3
J117,M02,Grinding,1.57,67,5.41,81,2023-03-19 03:20:00,2023-03-19 04:27:00,Completed,Low Efficiency,116.03925983886873,123.06928197898198,109.1919831452431,131.12832476549517,122.22281991383218,3,6,2,1
J119,M04,Drilling,1.09,58,6.55,89,2023-03-19 03:40:00,2023-03-19 04:38:00,Completed,High Efficiency,122.72539685173041,100.57094953454583,116.03925983886873,123.06928197898198,118.98772395565597,3,6,1,3
J120,M04,Lathe,1.22,33,5.5,91,2023-03-19 03:50:00,2023-03-19 04:23:00,Completed,High Efficiency,123.58103335783264,122.72539685173041,100.57094953454583,116.03925983886873,118.04374706752826,3,6,3,3
J121,M05,Additive,4.13,39,8.06,91,2023-03-19 04:00:00,2023-03-19 04:39:00,Completed,Low Efficiency,135.46512765577813,123.58103335783264,122.72539685173041,100.57094953454583,118.6632903375687,4,6,0,4
J122,M02,Grinding,3.22,102,7.75,96,2023-03-19 04:10:00,2023-03-19 05:52:00,Completed,Low Efficiency,120.77299604707903,135.46512765577813,123.58103335783264,122.72539685173041,120.31772075211668,4,6,2,1
J123,M04,Grinding,2.65,85,8.35,80,2023-03-19 04:20:00,2023-03-19 05:45:00,Completed,Low Efficiency,115.2461908710303,120.77299604707903,135.46512765577813,123.58103335783264,119.20013630812359,4,6,2,3
J124,M01,Grinding,4.75,40,4.42,80,2023-03-19 04:30:00,2023-03-19 05:10:00,Completed,High Efficiency,127.95292948343516,115.2461908710303,120.77299604707903,135.46512765577813,120.90208911449021,4,6,2,0
J125,M02,Additive,2.43,76,3.58,91,2023-03-19 04:40:00,2023-03-19 05:56:00,Completed,High Efficiency,125.03616070134316,127.95292948343516,115.2461908710303,120.77299604707903,124.39711928117556,4,6,0,1
J126,M01,Milling,3.12,70,5.07,98,2023-03-19 04:50:00,2023-03-19 06:00:00,Completed,Low Efficiency,124.48782729836164,125.03616070134316,127.95292948343516,115.2461908710303,124.64889505926571,4,6,4,0
J127,M04,Additive,4.22,27,6.94,87,2023-03-19 05:00:00,2023-03-19 05:27:00,Delayed,Low Efficiency,128.36623224139183,124.48782729836164,125.03616070134316,127.95292948343516,125.33249489977418,5,6,0,3
J128,M04,Grinding,3.24,40,10.06,91,2023-03-19 05:10:00,2023-03-19 05:50:00,Completed,Low Efficiency,131.8143186423967,128.36623224139183,124.48782729836164,125.03616070134316,124.81095075500541,5,6,2,3
J129,M05,Grinding,2.07,45,7.75,84,2023-03-19 05:20:00,2023-03-19 06:05:00,Completed,Moderate Efficiency,120.50647378506218,131.8143186423967,128.36623224139183,124.48782729836164,124.77287614614586,5,6,2,4
J130,M02,Milling,1.1,78,2.49,96,2023-03-19 05:30:00,2023-03-19 06:48:00,Completed,Optimal Efficiency,123.19930918120556,120.50647378506218,131.8143186423967,128.36623224139183,125.90903590474231,5,6,4,1
J131,M04,Drilling,3.55,78,4.87,97,2023-03-19 05:40:00,2023-03-19 06:58:00,Completed,Low Efficiency,132.83141962777344,123.19930918120556,120.50647378506218,131.8143186423967,126.60596306821922,5,6,1,3
J132,M01,Additive,4.64,70,10.68,82,2023-03-19 05:50:00,2023-03-19 07:00:00,Delayed,Low Efficiency,121.72024595645908,132.83141962777344,123.19930918120556,120.50647378506218,126.1322609618072,5,6,0,0
J133,M01,Drilling,4.42,85,6.51,92,2023-03-19 06:00:00,2023-03-19 07:25:00,Completed,High Efficiency,125.88633669671313,121.72024595645908,132.83141962777344,123.19930918120556,126.33204801871456,6,6,1,0
J135,M01,Drilling,4.64,23,8.31,86,2023-03-19 06:20:00,2023-03-19 06:43:00,Completed,High Efficiency,119.88876960810559,112.52315279137176,125.88633669671313,121.72024595645908,122.36510109238439,6,6,1,0
J136,M04,Drilling,4.7,78,2.59,95,2023-03-19 06:30:00,2023-03-19 07:48:00,Completed,Low Efficiency,145.22416647473247,119.88876960810559,112.52315279137176,125.88633669671313,125.89620004805158,6,6,1,3
J137,M01,Lathe,2.86,91,11.79,89,2023-03-19 06:40:00,2023-03-19 08:11:00,Completed,Moderate Efficiency,113.94495408307472,145.22416647473247,119.88876960810559,112.52315279137176,124.57414931974715,6,6,3,0
J138,M03,Grinding,4.14,65,11.48,81,2023-03-19 06:50:00,2023-03-19 07:55:00,Delayed,Low Efficiency,113.47250622211003,113.94495408307472,145.22416647473247,119.88876960810559,121.80859026179526,6,6,2,2
J139,M03,Additive,4.04,45,4.48,92,2023-03-19 07:00:00,2023-03-19 07:45:00,Completed,High Efficiency,137.34403356330824,113.47250622211003,113.94495408307472,145.22416647473247,124.04055991991656,7,6,0,2
J140,M05,Drilling,2.58,100,8.54,85,2023-03-19 07:10:00,2023-03-19 08:50:00,Completed,Moderate Efficiency,115.31669245634747,137.34403356330824,113.47250622211003,113.94495408307472,122.53061074272146,7,6,1,4
J141,M03,Drilling,2.45,100,6.0,91,2023-03-19 07:20:00,2023-03-19 09:00:00,Completed,Low Efficiency,117.71871203647197,115.31669245634747,137.34403356330824,113.47250622211003,123.27283349202149,7,6,1,2
J142,M03,Lathe,2.69,110,3.75,93,2023-03-19 07:30:00,2023-03-19 09:20:00,Completed,Low Efficiency,128.51195850632269,117.71871203647197,115.31669245634747,137.34403356330824,124.50471762033824,7,6,3,2
J143,M03,Additive,4.02,33,4.28,87,2023-03-19 07:40:00,2023-03-19 08:13:00,Delayed,Low Efficiency,132.36736747686265,128.51195850632269,117.71871203647197,115.31669245634747,122.66803204921396,7,6,0,2
J144,M03,Milling,2.1,47,6.24,87,2023-03-19 07:50:00,2023-03-19 08:37:00,Completed,Low Efficiency,117.63715718446053,132.36736747686265,128.51195850632269,117.71871203647197,123.19548963512624,7,6,4,2
J145,M05,Lathe,4.02,22,7.26,97,2023-03-19 08:00:00,2023-03-19 08:22:00,Completed,Moderate Efficiency,144.8737238743197,117.63715718446053,132.36736747686265,128.51195850632269,127.68137787115619,8,6,3,4
J147,M03,Lathe,3.73,29,11.1,88,2023-03-19 08:20:00,2023-03-19 08:49:00,Delayed,Low Efficiency,112.57088887277922,132.74039743495206,144.8737238743197,117.63715718446053,126.63145791230984,8,6,3,2
J148,M01,Lathe,3.74,39,9.65,87,2023-03-19 08:30:00,2023-03-19 09:09:00,Completed,High Efficiency,120.69508144047927,112.57088887277922,132.74039743495206,144.8737238743197,127.05665354145374,8,6,3,0
J150,M03,Grinding,4.97,53,12.4,86,2023-03-19 08:50:00,2023-03-19 09:43:00,Delayed,Low Efficiency,118.00707697592645,120.82246294744239,120.69508144047927,112.57088887277922,123.90668410433709,8,6,2,2
J152,M05,Milling,1.82,106,9.32,96,2023-03-19 09:10:00,2023-03-19 10:56:00,Completed,Moderate Efficiency,128.55271360824685,118.23779197337686,118.00707697592645,120.82246294744239,121.660916179029,9,6,4,4
J153,M05,Lathe,1.73,66,5.45,90,2023-03-19 09:20:00,2023-03-19 10:26:00,Completed,High Efficiency,117.79122588975778,128.55271360824685,118.23779197337686,118.00707697592645,119.52532024400125,9,6,3,4
J154,M02,Grinding,2.11,111,7.67,80,2023-03-19 09:30:00,2023-03-19 11:21:00,Completed,Low Efficiency,105.54880730670494,117.79122588975778,128.55271360824685,118.23779197337686,118.52216573456208,9,6,2,1
J155,M03,Drilling,3.57,40,9.87,82,2023-03-19 09:40:00,2023-03-19 10:20:00,Completed,Moderate Efficiency,116.75873737787286,105.54880730670494,117.79122588975778,128.55271360824685,117.95983086847545,9,6,1,2
J157,M03,Grinding,1.01,59,8.16,91,2023-03-19 10:00:00,2023-03-19 10:59:00,Completed,Moderate Efficiency,121.17617961053253,115.41260856818947,116.75873737787286,105.54880730670494,117.63972347638303,10,6,2,2
J158,M05,Drilling,3.55,113,7.69,80,2023-03-19 10:10:00,2023-03-19 12:03:00,Completed,High Efficiency,115.79734245818288,121.17617961053253,115.41260856818947,116.75873737787286,117.29108783135533,10,6,1,4
J159,M02,Milling,1.15,46,3.01,89,2023-03-19 10:20:00,2023-03-19 11:06:00,Completed,High Efficiency,109.3756567379445,115.79734245818288,121.17617961053253,115.41260856818947,114.55150827845499,10,6,4,1
J160,M01,Milling,4.25,118,9.57,87,2023-03-19 10:30:00,2023-03-19 12:28:00,Completed,Moderate Efficiency,112.80189977627785,109.3756567379445,115.79734245818288,121.17617961053253,113.83874740510073,10,6,4,0
J161,M04,Milling,3.8,54,10.3,89,2023-03-19 10:40:00,2023-03-19 11:34:00,Completed,Moderate Efficiency,116.14983774653848,112.80189977627785,109.3756567379445,115.79734245818288,115.35318032507693,10,6,4,3
J162,M01,Additive,2.25,58,11.7,92,2023-03-19 10:50:00,2023-03-19 11:48:00,Completed,Moderate Efficiency,127.08266026908493,116.14983774653848,112.80189977627785,109.3756567379445,116.82802645239295,10,6,0,0
J163,M01,Milling,4.4,43,10.4,80,2023-03-19 11:00:00,2023-03-19 11:43:00,Completed,Low Efficiency,113.6671040346288,127.08266026908493,116.14983774653848,112.80189977627785,116.57866866188428,11,6,4,0
J164,M05,Additive,4.35,56,4.22,97,2023-03-19 11:10:00,2023-03-19 12:06:00,Delayed,Low Efficiency,144.198756206926,113.6671040346288,127.08266026908493,116.14983774653848,119.8676081756548,11,6,0,4
J165,M04,Milling,3.28,29,7.32,82,2023-03-19 11:20:00,2023-03-19 11:49:00,Completed,High Efficiency,108.66882240584917,144.198756206926,113.6671040346288,127.08266026908493,118.84924816817853,11,6,4,3
J167,M01,Grinding,1.29,35,7.2,94,2023-03-19 11:40:00,2023-03-19 12:15:00,Completed,Moderate Efficiency,112.07392326305218,133.08281488200774,108.66882240584917,144.198756206926,122.13198840115533,11,6,2,0
J168,M03,Grinding,4.51,37,12.54,99,2023-03-19 11:50:00,2023-03-19 12:27:00,Delayed,Low Efficiency,121.21314451611192,112.07392326305218,133.08281488200774,108.66882240584917,122.85531793966582,11,6,2,2
J169,M03,Lathe,1.36,23,7.11,92,2023-03-19 12:00:00,2023-03-19 12:23:00,Completed,High Efficiency,122.76814896176153,121.21314451611192,112.07392326305218,133.08281488200774,122.23895918147676,12,6,3,2
J170,M03,Milling,3.54,102,2.14,99,2023-03-19 12:10:00,2023-03-19 13:52:00,Completed,Low Efficiency,135.60671305962424,122.76814896176153,121.21314451611192,112.07392326305218,125.37318904219039,12,6,4,2
J171,M05,Drilling,2.58,72,13.69,83,2023-03-19 12:20:00,2023-03-19 13:32:00,Completed,Low Efficiency,117.6062941189041,135.60671305962424,122.76814896176153,121.21314451611192,121.5742658867587,12,6,1,4
J173,M02,Additive,1.85,64,12.14,82,2023-03-19 12:40:00,2023-03-19 13:44:00,Completed,Moderate Efficiency,113.29115305951346,107.94163826471511,117.6062941189041,135.60671305962424,118.64300217766893,12,6,0,1
J174,M01,Additive,2.44,113,12.49,80,2023-03-19 12:50:00,2023-03-19 14:43:00,Delayed,Low Efficiency,104.29687203349926,113.29115305951346,107.94163826471511,117.6062941189041,117.53199485916137,12,6,0,0
J176,M05,Milling,2.39,100,2.62,95,2023-03-19 13:10:00,2023-03-19 14:50:00,Completed,High Efficiency,132.62897259140814,124.00678579107768,104.29687203349926,113.29115305951346,119.33977555982028,13,6,4,4
J177,M02,Drilling,3.51,97,9.08,97,2023-03-19 13:20:00,2023-03-19 14:57:00,Completed,Moderate Efficiency,124.4719516791308,132.62897259140814,124.00678579107768,104.29687203349926,117.74909536260694,13,6,1,1
J178,M01,Drilling,4.43,82,10.58,82,2023-03-19 13:30:00,2023-03-19 14:52:00,Completed,Low Efficiency,112.961251111249,124.4719516791308,132.62897259140814,124.00678579107768,117.08551779008478,13,6,1,0
J179,M03,Lathe,1.58,95,14.17,80,2023-03-19 13:40:00,2023-03-19 15:15:00,Delayed,Low Efficiency,97.24833748241329,112.961251111249,124.4719516791308,132.62897259140814,115.55790339261308,13,6,3,2
J180,M02,Additive,3.46,69,3.76,84,2023-03-19 13:50:00,2023-03-19 14:59:00,Completed,Low Efficiency,126.38539579512529,97.24833748241329,112.961251111249,124.4719516791308,117.42850949770049,13,6,0,1
J181,M02,Drilling,3.55,95,6.4,89,2023-03-19 14:00:00,2023-03-19 15:35:00,Completed,Low Efficiency,123.67503044373258,126.38539579512529,97.24833748241329,112.961251111249,120.19681784201954,14,6,1,1
J183,M04,Drilling,4.11,106,12.25,80,2023-03-19 14:20:00,2023-03-19 16:06:00,Completed,Low Efficiency,112.96690798583555,99.27624353290992,123.67503044373258,126.38539579512529,113.8550168614852,14,6,1,3
J184,M04,Additive,3.52,89,9.7,99,2023-03-19 14:30:00,2023-03-19 15:59:00,Completed,Moderate Efficiency,123.26298423887786,112.96690798583555,99.27624353290992,123.67503044373258,113.68230722716336,14,6,0,3
J185,M04,Grinding,2.0,50,6.07,85,2023-03-19 14:40:00,2023-03-19 15:30:00,Completed,High Efficiency,121.34215725513593,123.26298423887786,112.96690798583555,99.27624353290992,114.87957953343292,14,6,2,3
J186,M01,Milling,1.25,70,12.13,82,2023-03-19 14:50:00,2023-03-19 16:00:00,Completed,Low Efficiency,89.40871172196627,121.34215725513593,123.26298423887786,112.96690798583555,113.7596329962262,14,6,4,0
J188,M02,Grinding,2.61,90,9.18,83,2023-03-19 15:10:00,2023-03-19 16:40:00,Completed,Low Efficiency,112.27982539630487,105.07508330285776,89.40871172196627,121.34215725513593,109.08741620484116,15,6,2,1
J189,M03,Drilling,3.38,50,11.6,86,2023-03-19 15:20:00,2023-03-19 16:10:00,Completed,Moderate Efficiency,114.01218501804343,112.27982539630487,105.07508330285776,89.40871172196627,111.19255070271738,15,6,1,2
J190,M04,Milling,1.94,50,10.25,97,2023-03-19 15:30:00,2023-03-19 16:20:00,Delayed,Low Efficiency,126.3050729770337,114.01218501804343,112.27982539630487,105.07508330285776,113.09800284431712,15,6,4,3
J191,M01,Milling,4.16,114,5.81,89,2023-03-19 15:40:00,2023-03-19 17:34:00,Completed,High Efficiency,114.32371545138277,126.3050729770337,114.01218501804343,112.27982539630487,111.82096444610352,15,6,4,0
J192,M03,Drilling,1.04,100,6.93,82,2023-03-19 15:50:00,2023-03-19 17:30:00,Completed,Low Efficiency,113.25925434674592,114.32371545138277,126.3050729770337,114.01218501804343,110.66626403061925,15,6,1,2
J193,M04,Drilling,4.82,80,14.08,80,2023-03-19 16:00:00,2023-03-19 17:20:00,Completed,Moderate Efficiency,116.27758590886252,113.25925434674592,114.32371545138277,126.3050729770337,114.50467462874727,16,6,1,3
J194,M03,Lathe,4.81,57,8.84,94,2023-03-19 16:10:00,2023-03-19 17:07:00,Completed,Moderate Efficiency,122.58653251129401,116.27758590886252,113.25925434674592,114.32371545138277,117.00631022995246,16,6,3,2
J195,M02,Drilling,2.53,88,7.32,87,2023-03-19 16:20:00,2023-03-19 17:48:00,Completed,Moderate Efficiency,121.78738330265878,122.58653251129401,116.27758590886252,113.25925434674592,118.36453278800302,16,6,1,1
J196,M02,Drilling,1.48,56,8.84,93,2023-03-19 16:30:00,2023-03-19 17:26:00,Completed,Low Efficiency,117.61426834388877,121.78738330265878,122.58653251129401,116.27758590886252,118.87911612026664,16,6,1,1
J197,M05,Drilling,1.01,21,9.75,88,2023-03-19 16:40:00,2023-03-19 17:01:00,Delayed,Low Efficiency,120.09395275606833,117.61426834388877,121.78738330265878,122.58653251129401,117.9918132315573,16,6,1,4
J198,M04,Milling,2.33,74,2.46,92,2023-03-19 16:50:00,2023-03-19 18:04:00,Completed,Optimal Efficiency,129.42052076981867,120.09395275606833,117.61426834388877,121.78738330265878,120.14849970561956,16,6,4,3
J199,M04,Lathe,4.52,90,7.61,94,2023-03-19 17:00:00,2023-03-19 18:30:00,Completed,High Efficiency,141.20417974640344,129.42052076981867,120.09395275606833,117.61426834388877,124.14063190557066,17,6,3,3
J200,M02,Lathe,2.04,84,7.96,94,2023-03-19 17:10:00,2023-03-19 18:34:00,Completed,Low Efficiency,124.97063974718196,141.20417974640344,129.42052076981867,120.09395275606833,125.38249673961629,17,6,3,1
J203,M05,Additive,1.91,61,3.81,89,2023-03-19 17:40:00,2023-03-19 18:41:00,Delayed,Low Efficiency,134.81129797943555,124.32910411212036,125.05609081028778,124.97063974718196,128.55511227447371,17,6,0,4
J204,M02,Grinding,1.66,113,5.93,80,2023-03-19 17:50:00,2023-03-19 19:43:00,Completed,Low Efficiency,113.47031865361299,134.81129797943555,124.32910411212036,125.05609081028778,127.60887883126581,17,6,2,1
J206,M04,Grinding,2.5,89,3.08,92,2023-03-19 18:10:00,2023-03-19 19:39:00,Delayed,Low Efficiency,121.06921977844583,106.65465763048797,113.47031865361299,134.81129797943555,121.48018981593893,18,6,2,3
J207,M05,Milling,3.41,21,3.53,82,2023-03-19 18:20:00,2023-03-19 18:41:00,Completed,Low Efficiency,121.17736937800532,121.06921977844583,106.65465763048797,113.47031865361299,120.93829404891369,18,6,4,4
J208,M01,Grinding,3.27,20,5.06,85,2023-03-19 18:30:00,2023-03-19 18:50:00,Completed,High Efficiency,115.68284545397155,121.17736937800532,121.06921977844583,106.65465763048797,119.59925899801136,18,6,2,0
J209,M01,Grinding,2.34,106,11.95,83,2023-03-19 18:40:00,2023-03-19 20:26:00,Delayed,Low Efficiency,107.64962299521619,115.68284545397155,121.17736937800532,121.06921977844583,117.21647598131077,18,6,2,0
J210,M04,Drilling,1.1,76,10.49,80,2023-03-19 18:50:00,2023-03-19 20:06:00,Completed,Moderate Efficiency,107.27124805178521,107.64962299521619,115.68284545397155,121.17736937800532,113.28218313450358,18,6,1,3
J211,M03,Milling,1.66,25,8.39,80,2023-03-19 19:00:00,2023-03-19 19:25:00,Completed,Low Efficiency,109.29289454046297,107.27124805178521,107.64962299521619,115.68284545397155,112.68540826119644,19,6,4,2
J212,M01,Milling,1.45,96,4.27,98,2023-03-19 19:10:00,2023-03-19 20:46:00,Completed,High Efficiency,121.93709107595652,109.29289454046297,107.27124805178521,107.64962299521619,114.86861303912052,19,6,4,0
J214,M04,Grinding,2.39,36,4.59,85,2023-03-19 19:30:00,2023-03-19 20:06:00,Completed,Low Efficiency,119.02490451632029,118.38363981054488,121.93709107595652,109.29289454046297,114.17746377775109,19,6,2,3
J215,M02,Milling,4.79,43,6.1,91,2023-03-19 19:40:00,2023-03-19 20:23:00,Completed,High Efficiency,121.02276872040875,119.02490451632029,118.38363981054488,121.93709107595652,114.9403099586707,19,6,4,1
J216,M01,Lathe,3.51,42,10.46,95,2023-03-19 19:50:00,2023-03-19 20:32:00,Completed,Moderate Efficiency,117.68275153398724,121.02276872040875,119.02490451632029,118.38363981054488,116.37361403563798,19,6,3,0
J217,M02,Grinding,3.35,109,4.75,95,2023-03-19 20:00:00,2023-03-19 21:49:00,Completed,Low Efficiency,129.4398979306928,117.68275153398724,121.02276872040875,119.02490451632029,119.54056401833905,20,6,2,1
J218,M05,Additive,2.58,71,10.74,84,2023-03-19 20:10:00,2023-03-19 21:21:00,Delayed,Low Efficiency,121.2377586777754,129.4398979306928,117.68275153398724,121.02276872040875,121.24697318081226,20,6,0,4
J219,M05,Additive,1.46,107,11.19,97,2023-03-19 20:20:00,2023-03-19 22:07:00,Completed,Low Efficiency,136.57854475345428,121.2377586777754,129.4398979306928,117.68275153398724,123.33860942045483,20,6,0,4
J220,M05,Milling,1.62,70,4.22,81,2023-03-19 20:30:00,2023-03-19 21:40:00,Completed,Low Efficiency,113.19471424169679,136.57854475345428,121.2377586777754,129.4398979306928,122.5973343391908,20,6,4,4
J221,M02,Drilling,1.66,95,10.49,81,2023-03-19 20:40:00,2023-03-19 22:15:00,Delayed,Low Efficiency,102.74227499753611,113.19471424169679,136.57854475345428,121.2377586777754,120.27124440793591,20,6,1,1
J224,M05,Drilling,3.61,85,9.63,99,2023-03-19 21:10:00,2023-03-19 22:35:00,Delayed,Low Efficiency,136.68640736886732,116.75902012676953,117.14709112150308,102.74227499753611,120.62083018394323,21,6,1,4
J225,M03,Milling,4.52,22,13.02,80,2023-03-19 21:20:00,2023-03-19 21:42:00,Completed,Moderate Efficiency,101.49201492777688,136.68640736886732,116.75902012676953,117.14709112150308,117.80000964822914,21,6,4,2
J226,M04,Grinding,3.11,105,7.9,88,2023-03-19 21:30:00,2023-03-19 23:15:00,Completed,Low Efficiency,122.62130997100166,101.49201492777688,136.68640736886732,116.75902012676953,115.80611896502162,21,6,2,3
J227,M05,Drilling,3.25,109,6.97,81,2023-03-19 21:40:00,2023-03-19 23:29:00,Delayed,Low Efficiency,122.59353268982687,122.62130997100166,101.49201492777688,136.68640736886732,117.1488073147545,21,6,1,4
J228,M02,Lathe,4.66,77,8.47,82,2023-03-19 21:50:00,2023-03-19 23:07:00,Completed,Low Efficiency,118.40690518100139,122.59353268982687,122.62130997100166,101.49201492777688,119.3866116266781,21,6,3,1
J229,M01,Milling,4.49,59,13.77,83,2023-03-19 22:00:00,2023-03-19 22:59:00,Completed,Moderate Efficiency,104.60441965517319,118.40690518100139,122.59353268982687,122.62130997100166,117.59480141720242,22,6,4,0
J230,M01,Milling,2.36,65,11.13,88,2023-03-19 22:10:00,2023-03-19 23:15:00,Completed,Moderate Efficiency,106.11439135131998,104.60441965517319,118.40690518100139,122.59353268982687,116.07414016356675,22,6,4,0
J232,M01,Grinding,3.62,106,11.48,98,2023-03-19 22:30:00,2023-03-20 00:16:00,Completed,Low Efficiency,120.82740058318905,103.65169545508734,106.11439135131998,104.60441965517319,114.11709355522851,22,6,2,0
J233,M04,Milling,3.03,88,2.35,81,2023-03-19 22:40:00,2023-03-20 00:08:00,Completed,Low Efficiency,116.37069261991643,120.82740058318905,103.65169545508734,106.11439135131998,113.2241482193592,22,6,4,3
J234,M01,Grinding,4.31,111,9.95,98,2023-03-19 22:50:00,2023-03-20 00:41:00,Completed,Moderate Efficiency,129.62525023130715,116.37069261991643,120.82740058318905,103.65169545508734,114.22867929671351,22,6,2,0
J235,M03,Lathe,4.37,56,6.94,89,2023-03-19 23:00:00,2023-03-19 23:56:00,Completed,Low Efficiency,119.38608784089044,129.62525023130715,116.37069261991643,120.82740058318905,114.36856253384052,23,6,3,2
J236,M02,Lathe,4.49,26,7.84,97,2023-03-19 23:10:00,2023-03-19 23:36:00,Completed,High Efficiency,133.31299050854997,119.38608784089044,129.62525023130715,116.37069261991643,118.46978694146576,23,6,3,1
J237,M01,Grinding,3.53,83,6.17,83,2023-03-19 23:20:00,2023-03-20 00:43:00,Completed,High Efficiency,124.82342272245685,133.31299050854997,119.38608784089044,129.62525023130715,121.14250570877104,23,6,2,0
J238,M05,Additive,4.1,95,7.18,89,2023-03-19 23:30:00,2023-03-20 01:05:00,Completed,Low Efficiency,122.58407487493233,124.82342272245685,133.31299050854997,119.38608784089044,123.84713134017746,23,6,0,4
J241,M01,Milling,2.65,95,9.52,91,2023-03-20 00:00:00,2023-03-20 01:35:00,Completed,Moderate Efficiency,109.46381487223887,126.65254017515124,135.6532936538905,122.58407487493233,124.55374637830144,0,0,4,0
J242,M05,Lathe,4.51,102,10.33,97,2023-03-20 00:10:00,2023-03-20 01:52:00,Completed,Low Efficiency,129.00264092835602,109.46381487223887,126.65254017515124,135.6532936538905,125.92753967651083,0,0,3,4
J243,M02,Lathe,2.34,56,4.43,85,2023-03-20 00:20:00,2023-03-20 01:16:00,Completed,High Efficiency,115.70959711206521,129.00264092835602,109.46381487223887,126.65254017515124,123.41276919129872,0,0,3,1
J244,M03,Grinding,3.75,42,10.91,91,2023-03-20 00:30:00,2023-03-20 01:12:00,Delayed,Low Efficiency,120.34404560299136,115.70959711206521,129.00264092835602,109.46381487223887,122.77285817423221,0,0,2,2
J245,M02,Additive,2.86,25,2.84,82,2023-03-20 00:40:00,2023-03-20 01:05:00,Completed,High Efficiency,122.1569351547644,120.34404560299136,115.70959711206521,129.00264092835602,122.71183821420824,0,0,0,1
J246,M01,Milling,1.69,40,3.02,90,2023-03-20 00:50:00,2023-03-20 01:30:00,Completed,Low Efficiency,107.91098096835013,122.1569351547644,120.34404560299136,115.70959711206521,118.74865068770247,0,0,4,0
J247,M02,Milling,4.81,84,12.46,95,2023-03-20 01:00:00,2023-03-20 02:24:00,Completed,Low Efficiency,127.1446578239156,107.91098096835013,122.1569351547644,120.34404560299136,118.81895320895451,1,0,4,1
J248,M01,Drilling,4.07,51,5.84,91,2023-03-20 01:10:00,2023-03-20 02:01:00,Completed,Low Efficiency,133.4350929601841,127.1446578239156,107.91098096835013,122.1569351547644,122.2434215072324,1,0,1,0
J249,M03,Milling,1.48,67,3.71,94,2023-03-20 01:20:00,2023-03-20 02:27:00,Completed,High Efficiency,116.86117870397898,133.4350929601841,127.1446578239156,107.91098096835013,120.50892690374997,1,0,4,2
J250,M02,Milling,1.32,79,6.4,96,2023-03-20 01:30:00,2023-03-20 02:49:00,Completed,Low Efficiency,109.90787836098744,116.86117870397898,133.4350929601841,127.1446578239156,119.68010993931027,1,0,4,1
J251,M01,Milling,1.02,21,8.57,89,2023-03-20 01:40:00,2023-03-20 02:01:00,Completed,Low Efficiency,109.09132438226378,109.90787836098744,116.86117870397898,133.4350929601841,118.07257833634921,1,0,4,0
J252,M05,Milling,4.59,38,13.14,96,2023-03-20 01:50:00,2023-03-20 02:28:00,Completed,Low Efficiency,122.21806015093468,109.09132438226378,109.90787836098744,116.86117870397898,118.08131047865923,1,0,4,4
J253,M01,Milling,4.49,43,9.9,87,2023-03-20 02:00:00,2023-03-20 02:43:00,Completed,Moderate Efficiency,116.14476581660392,122.21806015093468,109.09132438226378,109.90787836098744,119.25756545698121,2,0,4,0
J254,M05,Milling,1.32,38,14.38,92,2023-03-20 02:10:00,2023-03-20 02:48:00,Delayed,Low Efficiency,107.36735791427454,116.14476581660392,122.21806015093468,109.09132438226378,116.43223689846107,2,0,4,4
J255,M01,Grinding,1.82,38,11.78,83,2023-03-20 02:20:00,2023-03-20 02:58:00,Completed,Low Efficiency,108.09169375535095,107.36735791427454,116.14476581660392,122.21806015093468,112.8117512977706,2,0,2,0
J256,M01,Grinding,1.73,60,4.89,82,2023-03-20 02:30:00,2023-03-20 03:30:00,Completed,High Efficiency,115.26074571828003,108.09169375535095,107.36735791427454,116.14476581660392,112.58311801409934,2,0,2,0
J257,M02,Additive,2.86,120,5.09,82,2023-03-20 02:40:00,2023-03-20 04:40:00,Completed,High Efficiency,117.37401310768209,115.26074571828003,108.09169375535095,107.36735791427454,113.64970869219857,2,0,0,1
J258,M05,Drilling,1.58,28,9.23,88,2023-03-20 02:50:00,2023-03-20 03:18:00,Completed,Low Efficiency,111.93718022302474,117.37401310768209,115.26074571828003,108.09169375535095,114.056259526593,2,0,1,4
J259,M03,Lathe,2.91,24,7.41,95,2023-03-20 03:00:00,2023-03-20 03:24:00,Completed,Low Efficiency,116.3783080133246,111.93718022302474,117.37401310768209,115.26074571828003,113.22200922122013,3,0,3,2
J261,M01,Drilling,3.48,104,4.72,88,2023-03-20 03:20:00,2023-03-20 05:04:00,Delayed,Low Efficiency,118.97170371107985,135.31689689553605,116.3783080133246,111.93718022302474,117.6186487748969,3,0,1,0
J263,M04,Lathe,3.65,38,14.87,80,2023-03-20 03:40:00,2023-03-20 04:18:00,Completed,Moderate Efficiency,104.44942980774746,133.24791822850656,118.97170371107985,135.31689689553605,119.66792142670019,3,0,3,3
J264,M04,Grinding,2.61,72,13.92,86,2023-03-20 03:50:00,2023-03-20 05:02:00,Delayed,Low Efficiency,111.46816351865228,104.44942980774746,133.24791822850656,118.97170371107985,118.82422862826738,3,0,2,3
J265,M04,Milling,2.77,97,6.15,82,2023-03-20 04:00:00,2023-03-20 05:37:00,Completed,Low Efficiency,104.73360097076748,111.46816351865228,104.44942980774746,133.24791822850656,117.7951458779449,4,0,4,3
J266,M05,Milling,2.68,96,12.26,96,2023-03-20 04:10:00,2023-03-20 05:46:00,Delayed,Low Efficiency,120.41189298396915,104.73360097076748,111.46816351865228,104.44942980774746,118.37137230232268,4,0,4,4
J267,M02,Drilling,4.42,101,8.25,80,2023-03-20 04:20:00,2023-03-20 06:01:00,Completed,Low Efficiency,121.68945511917101,120.41189298396915,104.73360097076748,111.46816351865228,116.42459490569912,4,0,1,1
J268,M04,Lathe,4.24,105,6.98,93,2023-03-20 04:30:00,2023-03-20 06:15:00,Completed,High Efficiency,129.8061104352233,121.68945511917101,120.41189298396915,104.73360097076748,117.97236729486247,4,0,3,3
J269,M01,Grinding,1.49,25,4.0,84,2023-03-20 04:40:00,2023-03-20 05:05:00,Delayed,Low Efficiency,112.06056914150766,129.8061104352233,121.68945511917101,120.41189298396915,114.94560313957689,4,0,2,0
J270,M04,Drilling,4.32,75,14.44,81,2023-03-20 04:50:00,2023-03-20 06:05:00,Completed,Moderate Efficiency,115.57900083134392,112.06056914150766,129.8061104352233,121.68945511917101,116.53554185723354,4,0,1,3
J271,M01,Grinding,1.78,21,7.47,83,2023-03-20 05:00:00,2023-03-20 05:21:00,Completed,Low Efficiency,111.66123172820066,115.57900083134392,112.06056914150766,129.8061104352233,116.56312303002618,5,0,2,0
J272,M04,Lathe,3.17,55,13.68,84,2023-03-20 05:10:00,2023-03-20 06:05:00,Completed,Low Efficiency,96.51603621786676,111.66123172820066,115.57900083134392,112.06056914150766,115.3891852081832,5,0,3,3
J273,M01,Milling,3.08,78,5.42,82,2023-03-20 05:20:00,2023-03-20 06:38:00,Delayed,Low Efficiency,121.65556154125348,96.51603621786676,111.66123172820066,115.57900083134392,115.56685214493812,5,0,4,0
J274,M05,Lathe,2.17,20,4.29,97,2023-03-20 05:30:00,2023-03-20 05:50:00,Completed,Low Efficiency,131.99746661343966,121.65556154125348,96.51603621786676,111.66123172820066,117.03942521554791,5,0,3,4
J275,M03,Additive,3.21,94,14.67,93,2023-03-20 05:40:00,2023-03-20 07:14:00,Completed,Moderate Efficiency,117.76895708806491,131.99746661343966,121.65556154125348,96.51603621786676,115.31983188023958,5,0,0,2
J277,M01,Lathe,2.0,76,12.37,88,2023-03-20 06:00:00,2023-03-20 07:16:00,Completed,Moderate Efficiency,109.02470888674596,122.82923312406199,117.76895708806491,131.99746661343966,115.92188502851907,6,0,3,0
J278,M03,Additive,2.08,58,14.2,91,2023-03-20 06:10:00,2023-03-20 07:08:00,Completed,Moderate Efficiency,115.45948030482816,109.02470888674596,122.82923312406199,117.76895708806491,116.46449196803727,6,0,0,2
J279,M04,Milling,2.15,64,2.45,81,2023-03-20 06:20:00,2023-03-20 07:24:00,Completed,High Efficiency,105.73157766109253,115.45948030482816,109.02470888674596,122.82923312406199,117.78099788849809,6,0,4,3
J280,M05,Drilling,2.62,66,9.66,89,2023-03-20 06:30:00,2023-03-20 07:36:00,Completed,Low Efficiency,133.1004643067966,105.73157766109253,115.45948030482816,109.02470888674596,119.4159839978614,6,0,1,4
J281,M03,Lathe,4.82,59,8.66,95,2023-03-20 06:40:00,2023-03-20 07:39:00,Completed,High Efficiency,128.92529671383764,133.1004643067966,105.73157766109253,115.45948030482816,118.97710258363254,6,0,3,2
J282,M03,Lathe,3.17,30,10.21,88,2023-03-20 06:50:00,2023-03-20 07:20:00,Completed,Moderate Efficiency,121.343863558579,128.92529671383764,133.1004643067966,105.73157766109253,119.48780350799169,6,0,3,2
J283,M01,Additive,1.52,37,9.47,96,2023-03-20 07:00:00,2023-03-20 07:37:00,Completed,Low Efficiency,117.29575076107804,121.343863558579,128.92529671383764,133.1004643067966,118.69730602756542,7,0,0,0
J284,M02,Grinding,3.32,71,13.8,80,2023-03-20 07:10:00,2023-03-20 08:21:00,Delayed,Low Efficiency,114.241885271229,117.29575076107804,121.343863558579,128.92529671383764,119.44261693963442,7,0,2,1
J285,M01,Additive,3.25,106,13.31,86,2023-03-20 07:20:00,2023-03-20 09:06:00,Completed,Moderate Efficiency,115.6347184444614,114.241885271229,117.29575076107804,121.343863558579,119.46765095958202,7,0,0,0
J286,M04,Additive,3.22,107,6.69,91,2023-03-20 07:30:00,2023-03-20 09:17:00,Completed,High Efficiency,133.58621917237724,115.6347184444614,114.241885271229,117.29575076107804,123.44688546119413,7,0,0,3
J287,M02,Lathe,3.31,95,5.56,85,2023-03-20 07:40:00,2023-03-20 09:15:00,Completed,High Efficiency,113.18673316926524,133.58621917237724,115.6347184444614,114.241885271229,120.60206672726108,7,0,3,1
J288,M02,Additive,2.97,36,6.56,82,2023-03-20 07:50:00,2023-03-20 08:26:00,Completed,High Efficiency,125.67872644841351,113.18673316926524,133.58621917237724,115.6347184444614,120.13827097505762,7,0,0,1
J289,M02,Grinding,1.49,97,5.47,81,2023-03-20 08:00:00,2023-03-20 09:37:00,Completed,Low Efficiency,114.40009082267395,125.67872644841351,113.18673316926524,133.58621917237724,119.14630344135692,8,0,2,1
J290,M05,Grinding,3.82,81,10.72,99,2023-03-20 08:10:00,2023-03-20 09:31:00,Completed,Moderate Efficiency,138.215231147825,114.40009082267395,125.67872644841351,113.18673316926524,122.13480063946362,8,0,2,4
J291,M03,Milling,5.0,26,12.76,95,2023-03-20 08:20:00,2023-03-20 08:46:00,Completed,Moderate Efficiency,120.04756220179209,138.215231147825,114.40009082267395,125.67872644841351,122.96418305811548,8,0,4,2
J292,M04,Additive,2.41,93,9.8,91,2023-03-20 08:30:00,2023-03-20 10:03:00,Completed,Moderate Efficiency,121.56986440769606,120.04756220179209,138.215231147825,114.40009082267395,123.8120610528633,8,0,0,3
J293,M04,Drilling,1.8,103,13.09,82,2023-03-20 08:40:00,2023-03-20 10:23:00,Completed,Low Efficiency,120.21158348841972,121.56986440769606,120.04756220179209,138.215231147825,121.90139881229793,8,0,1,3
J294,M03,Drilling,4.27,90,6.74,87,2023-03-20 08:50:00,2023-03-20 10:20:00,Completed,Low Efficiency,122.15692088639227,120.21158348841972,121.56986440769606,120.04756220179209,123.18285420045893,8,0,1,2
J295,M02,Additive,2.46,39,10.97,96,2023-03-20 09:00:00,2023-03-20 09:39:00,Completed,Moderate Efficiency,123.0662514966084,122.15692088639227,120.21158348841972,121.56986440769606,122.8096434930582,9,0,0,1
J297,M01,Grinding,2.14,79,2.05,80,2023-03-20 09:20:00,2023-03-20 10:39:00,Delayed,Low Efficiency,115.51862483857428,123.54445681301348,123.0662514966084,122.15692088639227,120.8736091617852,9,0,2,0
J298,M04,Additive,2.19,116,4.79,95,2023-03-20 09:30:00,2023-03-20 11:26:00,Completed,Low Efficiency,135.33176839876646,115.51862483857428,123.54445681301348,123.0662514966084,123.05706718992438,9,0,0,3
J299,M04,Drilling,1.42,23,3.92,88,2023-03-20 09:40:00,2023-03-20 10:03:00,Delayed,Low Efficiency,121.16875485368564,135.33176839876646,115.51862483857428,123.54445681301348,122.99976582506575,9,0,1,3
J300,M04,Additive,3.42,20,6.24,92,2023-03-20 09:50:00,2023-03-20 10:10:00,Completed,High Efficiency,134.4322794392376,121.16875485368564,135.33176839876646,115.51862483857428,125.03129381803974,9,0,0,3
J301,M02,Drilling,3.16,87,5.09,92,2023-03-20 10:00:00,2023-03-20 11:27:00,Completed,High Efficiency,121.51936574132341,134.4322794392376,121.16875485368564,135.33176839876646,124.94021451160133,10,0,1,1
J302,M04,Drilling,2.25,52,14.65,98,2023-03-20 10:10:00,2023-03-20 11:02:00,Delayed,Low Efficiency,129.48565339809096,121.51936574132341,134.4322794392376,121.16875485368564,125.85727192609885,10,0,1,3
J303,M05,Additive,1.5,38,6.46,96,2023-03-20 10:20:00,2023-03-20 10:58:00,Completed,Low Efficiency,129.70717977435714,129.48565339809096,121.51936574132341,134.4322794392376,126.73766092057649,10,0,0,4
J304,M03,Drilling,1.07,75,6.02,99,2023-03-20 10:30:00,2023-03-20 11:45:00,Completed,Low Efficiency,123.32010898001573,129.70717977435714,129.48565339809096,121.51936574132341,127.85215865506812,10,0,1,2
J305,M05,Additive,4.33,89,12.46,81,2023-03-20 10:40:00,2023-03-20 12:09:00,Completed,Moderate Efficiency,124.33491541015957,123.32010898001573,129.70717977435714,129.48565339809096,126.28117965669573,10,0,0,4
J306,M03,Lathe,2.92,77,9.46,99,2023-03-20 10:50:00,2023-03-20 12:07:00,Completed,Low Efficiency,122.76440106305722,124.33491541015957,123.32010898001573,129.70717977435714,126.50912911517737,10,0,3,2
J307,M02,Lathe,3.25,89,6.97,98,2023-03-20 11:00:00,2023-03-20 12:29:00,Delayed,Low Efficiency,120.23970764298623,122.76440106305722,124.33491541015957,123.32010898001573,124.48161885857004,11,0,3,1
J308,M01,Additive,1.25,50,3.41,80,2023-03-20 11:10:00,2023-03-20 12:00:00,Completed,High Efficiency,107.54941247101223,120.23970764298623,122.76440106305722,124.33491541015957,122.48591124852558,11,0,0,0
J309,M03,Additive,3.07,71,11.53,82,2023-03-20 11:20:00,2023-03-20 12:31:00,Delayed,Low Efficiency,118.97786576345068,107.54941247101223,120.23970764298623,122.76440106305722,120.98479872929124,11,0,0,2
J310,M04,Grinding,2.35,50,8.24,94,2023-03-20 11:30:00,2023-03-20 12:20:00,Completed,Low Efficiency,123.23913280926865,118.97786576345068,107.54941247101223,120.23970764298623,120.06079201999289,11,0,2,3
J314,M05,Grinding,4.39,113,10.52,80,2023-03-20 12:10:00,2023-03-20 14:03:00,Completed,Moderate Efficiency,115.08761123567588,120.80587095621628,137.29071902988133,109.91949220165782,118.981443495309,12,0,2,4
J315,M05,Grinding,4.4,51,4.67,91,2023-03-20 12:20:00,2023-03-20 13:11:00,Completed,High Efficiency,132.67160095409363,115.08761123567588,120.80587095621628,137.29071902988133,122.5703275643206,12,0,2,4
J316,M02,Milling,3.4,105,14.25,87,2023-03-20 12:30:00,2023-03-20 14:15:00,Completed,Moderate Efficiency,108.37175794658539,132.67160095409363,115.08761123567588,120.80587095621628,121.05516930476844,12,0,4,1
J317,M05,Additive,4.77,70,4.67,88,2023-03-20 12:40:00,2023-03-20 13:50:00,Completed,Low Efficiency,137.28014274354712,108.37175794658539,132.67160095409363,115.08761123567588,123.0610278668082,12,0,0,4
J318,M02,Drilling,3.6,87,10.22,95,2023-03-20 12:50:00,2023-03-20 14:17:00,Completed,Low Efficiency,124.40156403805047,137.28014274354712,108.37175794658539,132.67160095409363,125.12989527200715,12,0,1,1
J319,M03,Milling,3.45,23,10.48,80,2023-03-20 13:00:00,2023-03-20 13:23:00,Completed,Low Efficiency,108.19086798952178,124.40156403805047,137.28014274354712,108.37175794658539,120.97277369481294,13,0,4,2
J320,M04,Grinding,2.91,39,2.7,92,2023-03-20 13:10:00,2023-03-20 13:49:00,Completed,High Efficiency,130.50847361854414,108.19086798952178,124.40156403805047,137.28014274354712,122.35885978943121,13,0,2,3
J321,M01,Additive,4.49,70,10.34,93,2023-03-20 13:20:00,2023-03-20 14:30:00,Delayed,Low Efficiency,124.10897805724105,130.50847361854414,108.19086798952178,124.40156403805047,123.64762647822623,13,0,0,0
J322,M03,Lathe,3.62,80,10.42,88,2023-03-20 13:30:00,2023-03-20 14:50:00,Completed,Low Efficiency,113.50103505722961,124.10897805724105,130.50847361854414,108.19086798952178,120.90897420724566,13,0,3,2
J323,M01,Grinding,2.23,90,5.88,95,2023-03-20 13:40:00,2023-03-20 15:10:00,Completed,High Efficiency,124.1215817886197,113.50103505722961,124.10897805724105,130.50847361854414,123.15894904182198,13,0,2,0
J324,M05,Lathe,3.12,21,11.65,92,2023-03-20 13:50:00,2023-03-20 14:11:00,Delayed,Low Efficiency,116.08542458502237,124.1215817886197,113.50103505722961,124.10897805724105,120.13113216203273,13,0,3,4
J326,M01,Additive,3.87,60,4.74,94,2023-03-20 14:10:00,2023-03-20 15:10:00,Completed,High Efficiency,131.49553874437152,120.81822370404575,116.08542458502237,124.1215817886197,122.9484650792963,14,0,0,0
J327,M04,Grinding,2.87,73,11.29,94,2023-03-20 14:20:00,2023-03-20 15:33:00,Completed,Moderate Efficiency,121.40866491918092,131.49553874437152,120.81822370404575,116.08542458502237,121.64849240795868,14,0,2,3
J328,M05,Milling,2.3,57,13.77,81,2023-03-20 14:30:00,2023-03-20 15:27:00,Completed,Moderate Efficiency,115.60961748649103,121.40866491918092,131.49553874437152,120.81822370404575,120.43429804070868,14,0,4,4
J329,M05,Additive,4.25,74,2.64,90,2023-03-20 14:40:00,2023-03-20 15:54:00,Delayed,Low Efficiency,136.18349862071884,115.60961748649103,121.40866491918092,131.49553874437152,123.67464997835002,14,0,0,4
J330,M01,Additive,4.14,54,8.66,86,2023-03-20 14:50:00,2023-03-20 15:44:00,Completed,Low Efficiency,127.61430362484747,136.18349862071884,115.60961748649103,121.40866491918092,124.17361024066827,14,0,0,0
J331,M04,Additive,4.45,27,5.78,97,2023-03-20 15:00:00,2023-03-20 15:27:00,Completed,Low Efficiency,144.47494167102317,127.61430362484747,136.18349862071884,115.60961748649103,128.22925553866838,15,0,0,3
J332,M05,Grinding,1.19,114,9.52,81,2023-03-20 15:10:00,2023-03-20 17:04:00,Completed,Low Efficiency,103.59627522398134,144.47494167102317,127.61430362484747,136.18349862071884,125.76897718437347,15,0,2,4
J333,M02,Lathe,1.15,61,11.45,85,2023-03-20 15:20:00,2023-03-20 16:21:00,Delayed,Low Efficiency,107.65126488701301,103.59627522398134,144.47494167102317,127.61430362484747,122.36265234760796,15,0,3,1
J335,M05,Additive,2.63,59,13.01,85,2023-03-20 15:40:00,2023-03-20 16:39:00,Completed,Moderate Efficiency,104.29713881001629,110.89459679903342,107.65126488701301,103.59627522398134,119.2445742338048,15,0,0,4
J336,M05,Grinding,4.69,25,10.4,87,2023-03-20 15:50:00,2023-03-20 16:15:00,Completed,Low Efficiency,128.56659762179692,104.29713881001629,110.89459679903342,107.65126488701301,118.15644551967308,15,0,2,4
J337,M02,Lathe,2.15,78,13.17,97,2023-03-20 16:00:00,2023-03-20 17:18:00,Delayed,Low Efficiency,106.04154708281142,128.56659762179692,104.29713881001629,110.89459679903342,115.07462315652508,16,0,3,1
J338,M01,Additive,2.04,71,13.97,93,2023-03-20 16:10:00,2023-03-20 17:21:00,Completed,Low Efficiency,117.03067230902958,106.04154708281142,128.56659762179692,104.29713881001629,111.15401324766887,16,0,0,0
J339,M03,Lathe,1.8,74,11.52,94,2023-03-20 16:20:00,2023-03-20 17:34:00,Completed,Moderate Efficiency,111.25594551131393,117.03067230902958,106.04154708281142,128.56659762179692,112.24825186014495,16,0,3,2
J340,M05,Drilling,2.2,58,6.8,92,2023-03-20 16:30:00,2023-03-20 17:28:00,Delayed,Low Efficiency,135.43775398094937,111.25594551131393,117.03067230902958,106.04154708281142,116.21775030213585,16,0,1,4
J343,M02,Grinding,4.88,100,10.38,90,2023-03-20 17:00:00,2023-03-20 18:40:00,Completed,Low Efficiency,120.68481194485658,127.35307098074307,114.88054699658004,135.43775398094937,118.95490697232628,17,0,2,1
J344,M01,Lathe,3.32,94,14.98,86,2023-03-20 17:10:00,2023-03-20 18:44:00,Completed,Moderate Efficiency,100.3736129845294,120.68481194485658,127.35307098074307,114.88054699658004,118.14520210114313,17,0,3,0
J346,M04,Drilling,3.59,29,13.78,80,2023-03-20 17:30:00,2023-03-20 17:59:00,Completed,Low Efficiency,111.12722252407745,119.30438683853704,100.3736129845294,120.68481194485658,118.4516294643247,17,0,1,3
J347,M01,Lathe,4.02,73,14.45,96,2023-03-20 17:40:00,2023-03-20 18:53:00,Completed,Low Efficiency,115.70653227804158,111.12722252407745,119.30438683853704,100.3736129845294,115.63288350676645,17,0,3,0
J348,M02,Drilling,1.74,92,8.79,91,2023-03-20 17:50:00,2023-03-20 19:22:00,Completed,High Efficiency,118.62551927636181,115.70653227804158,111.12722252407745,119.30438683853704,116.16787954673528,17,0,1,1
J349,M04,Grinding,3.27,86,10.39,96,2023-03-20 18:00:00,2023-03-20 19:26:00,Completed,Low Efficiency,129.1696074886444,118.62551927636181,115.70653227804158,111.12722252407745,116.42738476214974,18,0,2,3
J350,M03,Additive,2.11,77,10.81,95,2023-03-20 18:10:00,2023-03-20 19:27:00,Completed,Low Efficiency,125.16127228496588,129.1696074886444,118.62551927636181,115.70653227804158,117.06687909645107,18,0,0,2
J351,M04,Additive,2.12,51,9.83,87,2023-03-20 18:20:00,2023-03-20 19:11:00,Completed,Moderate Efficiency,115.90328038046779,125.16127228496588,129.1696074886444,118.62551927636181,119.28540301015657,18,0,0,3
J352,M01,Lathe,2.46,93,14.04,82,2023-03-20 18:30:00,2023-03-20 20:03:00,Completed,Moderate Efficiency,94.17304263099211,115.90328038046779,125.16127228496588,129.1696074886444,115.6952109805073,18,0,3,0
J353,M02,Additive,2.46,36,5.98,84,2023-03-20 18:40:00,2023-03-20 19:16:00,Completed,High Efficiency,126.95665924051235,94.17304263099211,115.90328038046779,125.16127228496588,117.95655908285514,18,0,0,1
J354,M03,Grinding,1.3,61,13.62,84,2023-03-20 18:50:00,2023-03-20 19:51:00,Completed,Moderate Efficiency,100.95875407725032,126.95665924051235,94.17304263099211,115.90328038046779,115.84973362559924,18,0,2,2
J355,M03,Drilling,4.99,87,5.88,80,2023-03-20 19:00:00,2023-03-20 20:27:00,Completed,Low Efficiency,122.14753200032492,100.95875407725032,126.95665924051235,94.17304263099211,116.35287830045112,19,0,1,2
J356,M01,Lathe,2.22,101,10.12,85,2023-03-20 19:10:00,2023-03-20 20:51:00,Completed,Low Efficiency,105.02005343849444,122.14753200032492,100.95875407725032,126.95665924051235,112.90294200757255,19,0,3,0
J357,M05,Additive,2.75,116,11.31,99,2023-03-20 19:20:00,2023-03-20 21:16:00,Completed,Low Efficiency,122.03765224921675,105.02005343849444,122.14753200032492,100.95875407725032,112.45671057389411,19,0,0,4
J359,M04,Grinding,2.73,90,7.96,91,2023-03-20 19:40:00,2023-03-20 21:10:00,Completed,Low Efficiency,120.90472092996026,121.88212997979755,122.03765224921675,105.02005343849444,117.12964313079381,19,0,2,3
J360,M05,Additive,1.81,29,8.0,97,2023-03-20 19:50:00,2023-03-20 20:19:00,Completed,Moderate Efficiency,133.43679149171757,120.90472092996026,121.88212997979755,122.03765224921675,118.05537630953741,19,0,0,4
J361,M05,Drilling,4.31,83,4.43,85,2023-03-20 20:00:00,2023-03-20 21:23:00,Completed,Low Efficiency,135.2612857455367,133.43679149171757,120.90472092996026,121.88212997979755,122.95573797643546,20,0,1,4
J362,M02,Drilling,1.25,50,12.64,83,2023-03-20 20:10:00,2023-03-20 21:00:00,Completed,Moderate Efficiency,105.12585444543134,135.2612857455367,133.43679149171757,120.90472092996026,120.5240697543078,20,0,1,1
J363,M04,Milling,4.13,118,3.21,85,2023-03-20 20:20:00,2023-03-20 22:18:00,Completed,Low Efficiency,129.76224187057153,105.12585444543134,135.2612857455367,133.43679149171757,124.05866810174737,20,0,4,3
J364,M05,Additive,2.57,115,6.41,81,2023-03-20 20:30:00,2023-03-20 22:25:00,Completed,High Efficiency,123.80282491900631,129.76224187057153,105.12585444543134,135.2612857455367,124.31083562600304,20,0,0,4
J365,M05,Additive,4.36,106,9.52,94,2023-03-20 20:40:00,2023-03-20 22:26:00,Completed,Low Efficiency,134.95758944198724,123.80282491900631,129.76224187057153,105.12585444543134,126.17875840631586,20,0,0,4
J366,M03,Drilling,1.15,47,12.4,92,2023-03-20 20:50:00,2023-03-20 21:37:00,Completed,Moderate Efficiency,114.54964084149114,134.95758944198724,123.80282491900631,129.76224187057153,125.27088982224882,20,0,1,2
J367,M05,Drilling,3.64,38,12.38,93,2023-03-20 21:00:00,2023-03-20 21:38:00,Completed,Moderate Efficiency,125.33073253209301,114.54964084149114,134.95758944198724,123.80282491900631,124.11288139944533,21,0,1,4
J368,M03,Grinding,3.79,63,8.96,85,2023-03-20 21:10:00,2023-03-20 22:13:00,Completed,Moderate Efficiency,117.53875242983275,125.33073253209301,114.54964084149114,134.95758944198724,121.58109092577332,21,0,2,2
J369,M04,Grinding,1.6,76,5.98,90,2023-03-20 21:20:00,2023-03-20 22:36:00,Completed,Low Efficiency,119.58533231553017,117.53875242983275,125.33073253209301,114.54964084149114,123.64673062150175,21,0,2,3
J371,M01,Lathe,2.29,32,4.38,88,2023-03-20 21:40:00,2023-03-20 22:12:00,Completed,Low Efficiency,118.56120852658148,112.85294334264998,119.58533231553017,117.53875242983275,120.48231420430939,21,0,3,0
J372,M03,Lathe,4.54,78,9.06,82,2023-03-20 21:50:00,2023-03-20 23:08:00,Delayed,Low Efficiency,112.6523819453521,118.56120852658148,112.85294334264998,119.58533231553017,117.29585599050438,21,0,3,2
J373,M05,Grinding,1.1,95,4.05,89,2023-03-20 22:00:00,2023-03-20 23:35:00,Completed,Low Efficiency,126.39815632036817,112.6523819453521,118.56120852658148,112.85294334264998,118.98850105891539,22,0,2,4
J374,M02,Milling,3.88,48,7.49,98,2023-03-20 22:10:00,2023-03-20 22:58:00,Completed,Low Efficiency,125.24470709919528,126.39815632036817,112.6523819453521,118.56120852658148,118.97621171135856,22,0,4,1
J376,M04,Drilling,3.87,52,13.19,88,2023-03-20 22:30:00,2023-03-20 23:22:00,Completed,Low Efficiency,123.08618388140479,112.82047490825046,125.24470709919528,126.39815632036817,118.80229371768603,22,0,1,3
J377,M02,Milling,2.39,61,6.11,94,2023-03-20 22:40:00,2023-03-20 23:41:00,Completed,High Efficiency,122.94957232531465,123.08618388140479,112.82047490825046,125.24470709919528,120.24466928663813,22,0,4,1
J379,M01,Additive,4.05,47,5.13,81,2023-03-20 23:00:00,2023-03-20 23:47:00,Completed,Low Efficiency,121.78448161918013,116.24088295683273,122.94957232531465,123.08618388140479,121.21777987293517,23,0,0,0
J380,M02,Lathe,3.25,46,4.7,98,2023-03-20 23:10:00,2023-03-20 23:56:00,Completed,High Efficiency,134.0358945604039,121.78448161918013,116.24088295683273,122.94957232531465,122.30888533579741,23,0,3,1
J381,M01,Additive,1.33,89,7.85,86,2023-03-20 23:20:00,2023-03-21 00:49:00,Completed,High Efficiency,105.54447090283873,134.0358945604039,121.78448161918013,116.24088295683273,119.49456587917507,23,0,0,0
J382,M04,Lathe,3.53,72,14.49,99,2023-03-20 23:30:00,2023-03-21 00:42:00,Completed,Moderate Efficiency,124.60340237697531,105.54447090283873,134.0358945604039,121.78448161918013,121.17784123185004,23,0,3,3
J383,M01,Lathe,1.09,65,3.68,81,2023-03-20 23:40:00,2023-03-21 00:45:00,Delayed,Low Efficiency,96.92117885298904,124.60340237697531,105.54447090283873,134.0358945604039,117.4399833706478,23,0,3,0
J384,M01,Grinding,2.66,50,11.62,91,2023-03-20 23:50:00,2023-03-21 00:40:00,Completed,Low Efficiency,109.05346578182198,96.92117885298904,124.60340237697531,105.54447090283873,115.454825293006,23,0,2,0
J385,M02,Milling,4.75,59,3.65,80,2023-03-21 00:00:00,2023-03-21 00:59:00,Completed,High Efficiency,119.93815275920095,109.05346578182198,96.92117885298904,124.60340237697531,115.98300669334428,0,1,4,1
J386,M05,Grinding,2.75,73,5.47,87,2023-03-21 00:10:00,2023-03-21 01:23:00,Completed,High Efficiency,116.37742448839025,119.93815275920095,109.05346578182198,96.92117885298904,115.21056996037431,0,1,2,4
J387,M01,Grinding,3.21,42,4.47,99,2023-03-21 00:20:00,2023-03-21 01:02:00,Completed,Low Efficiency,126.14344631157921,116.37742448839025,119.93815275920095,109.05346578182198,114.08307735339936,0,1,2,0
J388,M05,Milling,1.2,24,11.46,97,2023-03-21 00:30:00,2023-03-21 00:54:00,Completed,Low Efficiency,108.68882496268208,126.14344631157921,116.37742448839025,119.93815275920095,114.53227079051985,0,1,4,4
J389,M01,Additive,4.56,71,9.02,83,2023-03-21 00:40:00,2023-03-21 01:51:00,Completed,High Efficiency,129.7766746610378,108.68882496268208,126.14344631157921,116.37742448839025,115.27130968824304,0,1,0,0
J390,M04,Grinding,3.63,76,11.35,93,2023-03-21 00:50:00,2023-03-21 02:06:00,Delayed,Low Efficiency,124.80613877743667,129.7766746610378,108.68882496268208,126.14344631157921,119.25487539173557,0,1,2,3
J391,M03,Lathe,2.59,35,4.83,83,2023-03-21 01:00:00,2023-03-21 01:35:00,Completed,Low Efficiency,119.50545138926334,124.80613877743667,129.7766746610378,108.68882496268208,120.7480161927986,1,1,3,2
J392,M01,Milling,2.92,96,10.86,87,2023-03-21 01:10:00,2023-03-21 02:46:00,Completed,Low Efficiency,107.67462449742423,119.50545138926334,124.80613877743667,129.7766746610378,118.99608358397336,1,1,4,0
J393,M01,Grinding,2.96,69,2.09,95,2023-03-21 01:20:00,2023-03-21 02:29:00,Completed,Low Efficiency,128.08484125621402,107.67462449742423,119.50545138926334,124.80613877743667,120.66857169366247,1,1,2,0
J394,M02,Milling,2.5,74,10.7,96,2023-03-21 01:30:00,2023-03-21 02:44:00,Completed,Moderate Efficiency,108.12762905674485,128.08484125621402,107.67462449742423,119.50545138926334,118.09488351440042,1,1,4,1
J395,M03,Lathe,2.89,66,13.0,87,2023-03-21 01:40:00,2023-03-21 02:46:00,Completed,Low Efficiency,109.6558131862607,108.12762905674485,128.08484125621402,107.67462449742423,118.23302468919736,1,1,3,2
J396,M02,Milling,1.98,67,6.88,89,2023-03-21 01:50:00,2023-03-21 02:57:00,Completed,Low Efficiency,109.56653894094188,109.6558131862607,108.12762905674485,128.08484125621402,115.34586244346939,1,1,4,1
J398,M01,Grinding,4.09,82,13.87,86,2023-03-21 02:10:00,2023-03-21 03:32:00,Completed,Low Efficiency,118.17650933328787,123.84561962146168,109.56653894094188,109.6558131862607,115.01879655604787,2,1,2,0
J399,M05,Additive,4.76,80,12.18,91,2023-03-21 02:20:00,2023-03-21 03:40:00,Completed,Low Efficiency,138.17689357787089,118.17650933328787,123.84561962146168,109.56653894094188,119.37626356754026,2,1,0,4
J400,M02,Grinding,4.34,24,2.23,95,2023-03-21 02:30:00,2023-03-21 02:54:00,Delayed,Low Efficiency,140.27675969730618,138.17689357787089,118.17650933328787,123.84561962146168,121.117966201982,2,1,2,1
J402,M04,Milling,2.94,113,10.78,94,2023-03-21 02:50:00,2023-03-21 04:43:00,Completed,Low Efficiency,113.47451507019802,129.53173031538506,140.27675969730618,138.17689357787089,124.7212237937788,2,1,4,3
J403,M05,Grinding,2.07,113,11.6,96,2023-03-21 03:00:00,2023-03-21 04:53:00,Completed,Moderate Efficiency,125.95831590822544,113.47451507019802,129.53173031538506,140.27675969730618,127.06290621767644,3,1,2,4
J404,M01,Milling,1.16,89,11.11,96,2023-03-21 03:10:00,2023-03-21 04:39:00,Delayed,Low Efficiency,111.30946408736146,125.95831590822544,113.47451507019802,129.53173031538506,125.27202685566213,3,1,4,0
J405,M03,Drilling,3.04,100,8.05,88,2023-03-21 03:20:00,2023-03-21 05:00:00,Completed,Moderate Efficiency,113.53730774661486,111.30946408736146,125.95831590822544,113.47451507019802,124.60928377185171,3,1,1,2
J406,M02,Drilling,1.32,87,3.5,83,2023-03-21 03:30:00,2023-03-21 04:57:00,Completed,High Efficiency,118.09740896371885,113.53730774661486,111.30946408736146,125.95831590822544,121.74078596982999,3,1,1,1
J407,M02,Drilling,4.92,120,11.91,90,2023-03-21 03:40:00,2023-03-21 05:40:00,Delayed,Low Efficiency,128.50059911243932,118.09740896371885,113.53730774661486,111.30946408736146,120.05847731484901,3,1,1,1
J408,M03,Drilling,1.42,54,7.62,88,2023-03-21 03:50:00,2023-03-21 04:44:00,Completed,High Efficiency,117.52062794590815,128.50059911243932,118.09740896371885,113.53730774661486,118.34260554778088,3,1,1,2
J409,M05,Grinding,2.94,31,12.64,84,2023-03-21 04:00:00,2023-03-21 04:31:00,Delayed,Low Efficiency,113.39673164495329,117.52062794590815,128.50059911243932,118.09740896371885,118.33149362988875,4,1,2,4
J410,M05,Milling,3.4,93,2.77,91,2023-03-21 04:10:00,2023-03-21 05:43:00,Completed,High Efficiency,125.33775756191822,113.39673164495329,117.52062794590815,128.50059911243932,118.24284243755916,4,1,4,4
J411,M03,Grinding,2.37,96,12.16,91,2023-03-21 04:20:00,2023-03-21 05:56:00,Delayed,Low Efficiency,108.27032650218305,125.33775756191822,113.39673164495329,117.52062794590815,117.8086799253908,4,1,2,2
J412,M01,Lathe,4.53,46,2.94,83,2023-03-21 04:30:00,2023-03-21 05:16:00,Delayed,Low Efficiency,126.72848974670015,108.27032650218305,125.33775756191822,113.39673164495329,119.69313449683158,4,1,3,0
J413,M04,Grinding,1.53,22,4.23,98,2023-03-21 04:40:00,2023-03-21 05:02:00,Completed,Low Efficiency,127.63342777614146,126.72848974670015,108.27032650218305,125.33775756191822,121.05542289860622,4,1,2,3
J414,M03,Grinding,3.26,31,2.08,90,2023-03-21 04:50:00,2023-03-21 05:21:00,Delayed,Low Efficiency,128.74666669228156,127.63342777614146,126.72848974670015,108.27032650218305,121.09057541001228,4,1,2,2
J415,M02,Lathe,1.15,33,7.35,92,2023-03-21 05:00:00,2023-03-21 05:33:00,Delayed,Low Efficiency,122.96860593459569,128.74666669228156,127.63342777614146,126.72848974670015,121.86885797982477,5,1,3,1
J416,M01,Additive,3.38,107,11.97,97,2023-03-21 05:10:00,2023-03-21 06:57:00,Completed,Low Efficiency,128.48850553429597,122.96860593459569,128.74666669228156,127.63342777614146,124.02482567830232,5,1,0,0
J418,M04,Grinding,1.35,40,8.17,86,2023-03-21 05:30:00,2023-03-21 06:10:00,Completed,High Efficiency,114.93130902593617,131.75612500640548,128.48850553429597,122.96860593459569,125.89330424519378,5,1,2,3
J419,M05,Lathe,1.3,43,13.53,80,2023-03-21 05:40:00,2023-03-21 06:23:00,Completed,Moderate Efficiency,109.91397430382887,114.93130902593617,131.75612500640548,128.48850553429597,123.49123061049788,5,1,3,4
J420,M02,Additive,3.69,115,12.24,85,2023-03-21 05:50:00,2023-03-21 07:45:00,Completed,Low Efficiency,126.32494653708098,109.91397430382887,114.93130902593617,131.75612500640548,123.30430471920353,5,1,0,1
J421,M02,Milling,4.3,96,9.69,82,2023-03-21 06:00:00,2023-03-21 07:36:00,Completed,Low Efficiency,117.16952555739765,126.32494653708098,109.91397430382887,114.93130902593617,121.6504274142201,6,1,4,1
J422,M01,Additive,1.49,119,6.31,87,2023-03-21 06:10:00,2023-03-21 08:09:00,Completed,Low Efficiency,120.15412295698962,117.16952555739765,126.32494653708098,109.91397430382887,121.24835841741924,6,1,0,0
J423,M05,Grinding,3.04,105,12.92,89,2023-03-21 06:20:00,2023-03-21 08:05:00,Delayed,Low Efficiency,107.86298464396927,120.15412295698962,117.16952555739765,126.32494653708098,118.30185543308687,6,1,2,4
J425,M02,Drilling,4.96,110,10.48,91,2023-03-21 06:40:00,2023-03-21 08:30:00,Delayed,Low Efficiency,126.43346522903147,105.42760957116754,107.86298464396927,120.15412295698962,116.18380411420935,6,1,1,1
J426,M05,Milling,4.02,74,7.11,92,2023-03-21 06:50:00,2023-03-21 08:04:00,Delayed,Low Efficiency,127.60776614692784,126.43346522903147,105.42760957116754,107.86298464396927,118.71148866322348,6,1,4,4
J427,M05,Milling,3.79,64,10.25,98,2023-03-21 07:00:00,2023-03-21 08:04:00,Completed,Low Efficiency,132.0802304366126,127.60776614692784,126.43346522903147,105.42760957116754,119.53367207744229,7,1,4,4
J428,M05,Milling,3.22,37,11.13,88,2023-03-21 07:10:00,2023-03-21 07:47:00,Completed,Low Efficiency,102.61561416405223,132.0802304366126,127.60776614692784,126.43346522903147,117.45454187839293,7,1,4,4
J429,M01,Drilling,4.36,60,13.16,89,2023-03-21 07:20:00,2023-03-21 08:20:00,Completed,Low Efficiency,115.82143973264908,102.61561416405223,132.0802304366126,127.60776614692784,116.83558713205858,7,1,1,0
J430,M05,Lathe,3.39,44,12.69,85,2023-03-21 07:30:00,2023-03-21 08:14:00,Completed,Moderate Efficiency,115.9865217747038,115.82143973264908,102.61561416405223,132.0802304366126,117.99609243644922,7,1,3,4
J431,M01,Grinding,2.09,48,2.15,82,2023-03-21 07:40:00,2023-03-21 08:28:00,Completed,Low Efficiency,114.00077226973619,115.9865217747038,115.82143973264908,102.61561416405223,119.22082996481618,7,1,2,0
J432,M03,Lathe,3.14,105,12.39,96,2023-03-21 07:50:00,2023-03-21 09:35:00,Delayed,Low Efficiency,112.83746943436871,114.00077226973619,115.9865217747038,115.82143973264908,117.27854485129292,7,1,3,2
J433,M04,Milling,1.52,46,9.54,89,2023-03-21 08:00:00,2023-03-21 08:46:00,Completed,Low Efficiency,115.91681743448397,112.83746943436871,114.00077226973619,115.9865217747038,115.60840932094379,8,1,4,3
J434,M05,Grinding,3.21,87,14.22,80,2023-03-21 08:10:00,2023-03-21 09:37:00,Completed,Moderate Efficiency,111.55535952923064,115.91681743448397,112.83746943436871,114.00077226973619,112.67628490560352,8,1,2,4
J435,M02,Grinding,4.42,51,4.84,80,2023-03-21 08:20:00,2023-03-21 09:11:00,Completed,High Efficiency,116.30647714777758,111.55535952923064,115.91681743448397,112.83746943436871,114.63212247470713,8,1,2,1
J436,M04,Drilling,3.55,59,3.27,98,2023-03-21 08:30:00,2023-03-21 09:29:00,Delayed,Low Efficiency,140.97508602257912,116.30647714777758,111.55535952923064,115.91681743448397,118.22550051612572,8,1,1,3
J437,M05,Additive,4.6,57,11.57,88,2023-03-21 08:40:00,2023-03-21 09:37:00,Completed,Low Efficiency,132.72392856024896,140.97508602257912,116.30647714777758,111.55535952923064,120.61655862834645,8,1,0,4
J438,M04,Drilling,4.6,109,14.03,83,2023-03-21 08:50:00,2023-03-21 10:39:00,Delayed,Low Efficiency,118.1904632314968,132.72392856024896,140.97508602257912,116.30647714777758,121.21508590859797,8,1,1,3
J439,M02,Drilling,3.4,115,7.11,97,2023-03-21 09:00:00,2023-03-21 10:55:00,Delayed,Low Efficiency,134.470824017155,118.1904632314968,132.72392856024896,140.97508602257912,124.30556513471029,9,1,1,1
J440,M04,Lathe,3.57,98,2.65,80,2023-03-21 09:10:00,2023-03-21 10:48:00,Completed,High Efficiency,122.20630087580831,134.470824017155,118.1904632314968,132.72392856024896,125.2040627691852,9,1,3,3
J442,M05,Drilling,2.77,97,3.62,87,2023-03-21 09:30:00,2023-03-21 11:07:00,Completed,Low Efficiency,123.15389741800045,123.46885508672823,122.20630087580831,134.470824017155,127.8841936017167,9,1,1,4
J443,M03,Lathe,2.1,109,12.1,97,2023-03-21 09:40:00,2023-03-21 11:29:00,Completed,Moderate Efficiency,117.00034616514195,123.15389741800045,123.46885508672823,122.20630087580831,124.45923076493996,9,1,3,2
J444,M03,Grinding,4.32,56,14.6,83,2023-03-21 09:50:00,2023-03-21 10:46:00,Completed,Moderate Efficiency,113.97146469022887,117.00034616514195,123.15389741800045,123.46885508672823,121.7803073549371,9,1,2,2
J445,M04,Lathe,3.54,56,5.06,98,2023-03-21 10:00:00,2023-03-21 10:56:00,Completed,Low Efficiency,137.59716380793668,113.97146469022887,117.00034616514195,123.15389741800045,124.55269315157136,10,1,3,3
J447,M01,Milling,3.02,73,3.13,87,2023-03-21 10:20:00,2023-03-21 11:33:00,Completed,Optimal Efficiency,120.70107803110497,118.90846265756387,137.59716380793668,113.97146469022887,122.11446683667215,10,1,4,0
J448,M05,Drilling,4.17,54,12.99,84,2023-03-21 10:30:00,2023-03-21 11:24:00,Completed,Moderate Efficiency,115.38393993133137,120.70107803110497,118.90846265756387,137.59716380793668,120.95947895732975,10,1,1,4
J449,M01,Grinding,4.65,118,3.42,89,2023-03-21 10:40:00,2023-03-21 12:38:00,Completed,High Efficiency,125.45785422086239,115.38393993133137,120.70107803110497,118.90846265756387,121.28861564345287,10,1,2,0
J450,M05,Milling,4.11,95,4.55,92,2023-03-21 10:50:00,2023-03-21 12:25:00,Delayed,Low Efficiency,129.97305350486556,125.45785422086239,115.38393993133137,120.70107803110497,123.14185954912769,10,1,4,4
J451,M01,Grinding,4.92,109,9.01,92,2023-03-21 11:00:00,2023-03-21 12:49:00,Delayed,Low Efficiency,120.73485768007494,129.97305350486556,125.45785422086239,115.38393993133137,124.10805854767712,11,1,2,0
J452,M02,Drilling,1.82,110,7.81,99,2023-03-21 11:10:00,2023-03-21 13:00:00,Completed,Moderate Efficiency,129.7992391866234,120.73485768007494,129.97305350486556,125.45785422086239,122.99406931606093,11,1,1,1
J453,M03,Additive,3.78,113,5.09,91,2023-03-21 11:20:00,2023-03-21 13:13:00,Completed,High Efficiency,135.23765164659304,129.7992391866234,120.73485768007494,129.97305350486556,125.32681060020796,11,1,0,2
J454,M03,Additive,4.44,55,6.99,91,2023-03-21 11:30:00,2023-03-21 12:25:00,Delayed,Low Efficiency,134.34747882196226,135.23765164659304,129.7992391866234,120.73485768007494,127.27629642747328,11,1,0,2
J455,M01,Grinding,3.88,107,2.35,92,2023-03-21 11:40:00,2023-03-21 13:27:00,Completed,High Efficiency,132.05452062607975,134.34747882196226,135.23765164659304,129.7992391866234,129.65780795529446,11,1,2,0
J456,M05,Drilling,4.58,75,7.59,83,2023-03-21 11:50:00,2023-03-21 13:05:00,Delayed,Low Efficiency,137.427217807424,132.05452062607975,134.34747882196226,135.23765164659304,131.367717039089,11,1,1,4
J457,M02,Additive,4.92,101,14.23,93,2023-03-21 12:00:00,2023-03-21 13:41:00,Delayed,Low Efficiency,123.69967906016603,137.427217807424,132.05452062607975,134.34747882196226,130.4715206898462,12,1,0,1
J458,M03,Grinding,4.18,110,12.73,85,2023-03-21 12:10:00,2023-03-21 14:00:00,Completed,Low Efficiency,105.3467935724972,123.69967906016603,137.427217807424,132.05452062607975,128.2732258173351,12,1,2,2
J459,M02,Grinding,4.68,93,10.61,83,2023-03-21 12:20:00,2023-03-21 13:53:00,Completed,Moderate Efficiency,118.54450098448233,105.3467935724972,123.69967906016603,137.427217807424,126.66540607417208,12,1,2,1
J460,M04,Grinding,4.89,105,4.74,87,2023-03-21 12:30:00,2023-03-21 14:15:00,Completed,Low Efficiency,131.27398229519167,118.54450098448233,105.3467935724972,123.69967906016603,126.09916759540046,12,1,2,3
J461,M02,Drilling,4.06,50,9.95,97,2023-03-21 12:40:00,2023-03-21 13:30:00,Completed,Moderate Efficiency,126.78240478744799,131.27398229519167,118.54450098448233,105.3467935724972,125.01844273332699,12,1,1,1
J462,M05,Grinding,4.34,46,7.51,80,2023-03-21 12:50:00,2023-03-21 13:36:00,Delayed,Low Efficiency,117.28385070320614,126.78240478744799,131.27398229519167,118.54450098448233,122.90834703005935,12,1,2,4
J463,M02,Grinding,2.31,28,13.03,80,2023-03-21 13:00:00,2023-03-21 13:28:00,Completed,Low Efficiency,101.75305239098927,117.28385070320614,126.78240478744799,131.27398229519167,117.81203768485436,13,1,2,1
J464,M02,Lathe,1.46,92,2.84,98,2023-03-21 13:10:00,2023-03-21 14:42:00,Completed,Low Efficiency,126.5086921460891,101.75305239098927,117.28385070320614,126.78240478744799,118.21332526855768,13,1,3,1
J466,M01,Milling,4.8,21,11.49,83,2023-03-21 13:30:00,2023-03-21 13:51:00,Completed,Moderate Efficiency,123.47426839771875,122.39891649678732,126.5086921460891,101.75305239098927,121.35359531677575,13,1,4,0
J467,M01,Grinding,1.76,37,10.63,97,2023-03-21 13:40:00,2023-03-21 14:17:00,Completed,Low Efficiency,112.20147809183426,123.47426839771875,122.39891649678732,126.5086921460891,118.62895185915326,13,1,2,0
J468,M05,Milling,1.8,42,9.42,82,2023-03-21 13:50:00,2023-03-21 14:32:00,Completed,Low Efficiency,104.63041318646165,112.20147809183426,123.47426839771875,122.39891649678732,115.46438163044094,13,1,4,4
J469,M04,Additive,4.17,119,9.17,92,2023-03-21 14:00:00,2023-03-21 15:59:00,Completed,High Efficiency,120.24789979992735,104.63041318646165,112.20147809183426,123.47426839771875,115.88781721568681,14,1,0,3
J470,M05,Drilling,1.8,56,11.98,87,2023-03-21 14:10:00,2023-03-21 15:06:00,Completed,Moderate Efficiency,116.78142207510768,120.24789979992735,104.63041318646165,112.20147809183426,118.03472717056086,14,1,1,4
J471,M01,Lathe,1.72,22,2.3,90,2023-03-21 14:20:00,2023-03-21 14:42:00,Completed,High Efficiency,109.1779668610012,116.78142207510768,120.24789979992735,104.63041318646165,115.55890927269117,14,1,3,0
J472,M02,Grinding,4.92,79,7.54,98,2023-03-21 14:30:00,2023-03-21 15:49:00,Completed,Low Efficiency,131.37472683312748,109.1779668610012,116.78142207510768,120.24789979992735,116.84116789216833,14,1,2,1
J473,M04,Lathe,3.84,80,12.21,81,2023-03-21 14:40:00,2023-03-21 16:00:00,Completed,Low Efficiency,110.7096473271972,131.37472683312748,109.1779668610012,116.78142207510768,115.01765059637955,14,1,3,3
J474,M04,Grinding,2.98,52,5.65,82,2023-03-21 14:50:00,2023-03-21 15:42:00,Delayed,Low Efficiency,116.20136017076555,110.7096473271972,131.37472683312748,109.1779668610012,115.58906232194116,14,1,2,3
J475,M01,Lathe,2.07,106,8.41,95,2023-03-21 15:00:00,2023-03-21 16:46:00,Completed,Moderate Efficiency,125.84736338727257,116.20136017076555,110.7096473271972,131.37472683312748,118.62005520777129,15,1,3,0
J476,M02,Lathe,2.88,83,4.14,86,2023-03-21 15:10:00,2023-03-21 16:33:00,Completed,High Efficiency,124.38397195657748,125.84736338727257,116.20136017076555,110.7096473271972,119.21092265872132,15,1,3,1
J477,M01,Drilling,1.23,35,14.52,98,2023-03-21 15:20:00,2023-03-21 15:55:00,Completed,Low Efficiency,119.87668438150789,124.38397195657748,125.84736338727257,116.20136017076555,119.65310298820705,15,1,1,0
J478,M05,Milling,3.89,34,7.69,90,2023-03-21 15:30:00,2023-03-21 16:04:00,Delayed,Low Efficiency,119.9749059072504,119.87668438150789,124.38397195657748,125.84736338727257,121.19552285195695,15,1,4,4
J479,M02,Milling,4.82,66,3.68,97,2023-03-21 15:40:00,2023-03-21 16:46:00,Completed,High Efficiency,139.19697032257284,119.9749059072504,119.87668438150789,124.38397195657748,122.31298620759199,15,1,4,1
J480,M01,Grinding,2.3,54,5.21,81,2023-03-21 15:50:00,2023-03-21 16:44:00,Completed,Low Efficiency,115.07800473171982,139.19697032257284,119.9749059072504,119.87668438150789,122.93703726538094,15,1,2,0
J481,M01,Grinding,1.84,38,8.81,80,2023-03-21 16:00:00,2023-03-21 16:38:00,Delayed,Low Efficiency,109.72502974338423,115.07800473171982,139.19697032257284,119.9749059072504,122.01184720432647,16,1,2,0
J482,M02,Additive,2.88,73,5.99,91,2023-03-21 16:10:00,2023-03-21 17:23:00,Completed,High Efficiency,132.33919414391383,109.72502974338423,115.07800473171982,139.19697032257284,122.93925159813236,16,1,0,1
J483,M03,Milling,4.0,33,3.04,83,2023-03-21 16:20:00,2023-03-21 16:53:00,Completed,Low Efficiency,117.20818377020474,132.33919414391383,109.72502974338423,115.07800473171982,121.9141390000791,16,1,4,2
J484,M04,Additive,1.43,111,6.81,90,2023-03-21 16:30:00,2023-03-21 18:21:00,Completed,Low Efficiency,121.21141189511049,117.20818377020474,132.33919414391383,109.72502974338423,122.10481435916519,16,1,0,3
J485,M03,Lathe,3.38,34,9.0,95,2023-03-21 16:40:00,2023-03-21 17:14:00,Completed,Low Efficiency,128.34298005664226,121.21141189511049,117.20818377020474,132.33919414391383,123.30025352336403,16,1,3,2
J486,M03,Grinding,2.91,53,8.12,84,2023-03-21 16:50:00,2023-03-21 17:43:00,Completed,Low Efficiency,103.36290453512534,128.34298005664226,121.21141189511049,117.20818377020474,118.18110126801437,16,1,2,2
J487,M01,Lathe,3.23,100,9.22,93,2023-03-21 17:00:00,2023-03-21 18:40:00,Delayed,Low Efficiency,126.20764041286604,103.36290453512534,128.34298005664226,121.21141189511049,119.77104922246384,17,1,3,0
J488,M05,Milling,2.1,95,5.58,92,2023-03-21 17:10:00,2023-03-21 18:45:00,Completed,High Efficiency,125.01966032103792,126.20764041286604,103.36290453512534,128.34298005664226,121.95599644784294,17,1,4,4
J489,M04,Lathe,1.82,37,4.17,93,2023-03-21 17:20:00,2023-03-21 17:57:00,Completed,High Efficiency,124.03748019669884,125.01966032103792,126.20764041286604,103.36290453512534,120.77003731252651,17,1,3,3
J490,M05,Grinding,1.69,81,5.42,95,2023-03-21 17:30:00,2023-03-21 18:51:00,Completed,High Efficiency,128.51353827878586,124.03748019669884,125.01966032103792,126.20764041286604,122.38508795660952,17,1,2,4
J491,M01,Milling,3.67,36,13.87,91,2023-03-21 17:40:00,2023-03-21 18:16:00,Completed,Moderate Efficiency,105.85132358345513,128.51353827878586,124.03748019669884,125.01966032103792,120.19078962637306,17,1,4,0
J492,M04,Additive,3.69,65,5.53,91,2023-03-21 17:50:00,2023-03-21 18:55:00,Completed,High Efficiency,131.8292831770545,105.85132358345513,128.51353827878586,124.03748019669884,120.68883292928908,17,1,0,3
J493,M02,Additive,4.47,100,9.82,81,2023-03-21 18:00:00,2023-03-21 19:40:00,Completed,Moderate Efficiency,125.66242169110186,131.8292831770545,105.85132358345513,128.51353827878586,123.87447823728573,18,1,0,1
J494,M05,Milling,1.21,71,6.85,91,2023-03-21 18:10:00,2023-03-21 19:21:00,Delayed,Low Efficiency,123.30510986163111,125.66242169110186,131.8292831770545,105.85132358345513,123.45983101568073,18,1,4,4
J495,M01,Drilling,2.42,44,6.16,92,2023-03-21 18:20:00,2023-03-21 19:04:00,Completed,High Efficiency,136.1591202628179,123.30510986163111,125.66242169110186,131.8292831770545,125.05118243593503,18,1,1,0
J497,M01,Drilling,4.94,23,10.07,92,2023-03-21 18:40:00,2023-03-21 19:03:00,Completed,Moderate Efficiency,123.51323516597499,113.41637666859792,136.1591202628179,123.30510986163111,122.81955291580478,18,1,1,0
J498,M01,Drilling,2.27,97,8.17,85,2023-03-21 18:50:00,2023-03-21 20:27:00,Completed,Moderate Efficiency,111.56983017030005,123.51323516597499,113.41637666859792,136.1591202628179,123.63648242821118,18,1,1,0
J499,M05,Grinding,4.3,69,8.55,88,2023-03-21 19:00:00,2023-03-21 20:09:00,Completed,Moderate Efficiency,122.09979062356318,111.56983017030005,123.51323516597499,113.41637666859792,122.24655492056958,19,1,2,4
J501,M02,Lathe,1.3,48,6.1,91,2023-03-21 19:20:00,2023-03-21 20:08:00,Completed,High Efficiency,117.44366215006134,115.41572622029574,122.09979062356318,111.56983017030005,119.94539160880159,19,1,3,1
J502,M05,Milling,3.91,91,10.83,92,2023-03-21 19:30:00,2023-03-21 21:01:00,Delayed,Low Efficiency,122.11778859734025,117.44366215006134,115.41572622029574,122.09979062356318,117.93948708516193,19,1,4,4
J503,M01,Additive,1.76,90,14.29,83,2023-03-21 19:40:00,2023-03-21 21:10:00,Completed,Low Efficiency,110.893734228329,122.11778859734025,117.44366215006134,115.41572622029574,117.57910959369494,19,1,0,0
J504,M01,Lathe,2.22,81,13.88,89,2023-03-21 19:50:00,2023-03-21 21:11:00,Delayed,Low Efficiency,105.14292099327733,110.893734228329,122.11778859734025,117.44366215006134,114.95477899759528,19,1,3,0
J505,M02,Milling,1.28,74,13.58,90,2023-03-21 20:00:00,2023-03-21 21:14:00,Completed,Low Efficiency,101.9467467375072,105.14292099327733,110.893734228329,122.11778859734025,113.58005279291058,20,1,4,1
J506,M05,Milling,3.94,117,8.99,82,2023-03-21 20:10:00,2023-03-21 22:07:00,Completed,Low Efficiency,113.69565761569838,101.9467467375072,105.14292099327733,110.893734228329,112.3794623632156,20,1,4,4
J507,M01,Drilling,1.45,22,14.51,80,2023-03-21 20:20:00,2023-03-21 20:42:00,Delayed,Low Efficiency,91.49982736882752,113.69565761569838,101.9467467375072,105.14292099327733,108.96290538443444,20,1,1,0
J508,M04,Grinding,2.59,77,6.72,81,2023-03-21 20:30:00,2023-03-21 21:47:00,Delayed,Low Efficiency,108.46216137845772,91.49982736882752,113.69565761569838,101.9467467375072,107.67983384563392,20,1,2,3
J509,M03,Milling,3.39,103,9.13,86,2023-03-21 20:40:00,2023-03-21 22:23:00,Completed,High Efficiency,108.81321034681154,108.46216137845772,91.49982736882752,113.69565761569838,105.7791798098441,20,1,4,2
J511,M02,Grinding,1.93,74,9.07,84,2023-03-21 21:00:00,2023-03-21 22:14:00,Completed,Low Efficiency,115.04730136444965,123.6491403583238,108.81321034681154,108.46216137845772,109.01629216715368,21,1,2,1
J512,M05,Additive,4.9,98,4.27,90,2023-03-21 21:10:00,2023-03-21 22:48:00,Completed,Low Efficiency,146.90082033196495,115.04730136444965,123.6491403583238,108.81321034681154,115.43830268064765,21,1,0,4
J515,M03,Lathe,1.54,40,4.16,88,2023-03-21 21:40:00,2023-03-21 22:20:00,Delayed,Low Efficiency,114.49771839932959,100.4008765510699,107.68394172702749,146.90082033196495,116.71328701128242,21,1,3,2
J517,M04,Lathe,4.64,66,14.84,84,2023-03-21 22:00:00,2023-03-21 23:06:00,Completed,Low Efficiency,116.62545137454913,132.06009476648012,114.49771839932959,100.4008765510699,119.03088635926724,22,1,3,3
J518,M05,Lathe,2.64,61,4.09,87,2023-03-21 22:10:00,2023-03-21 23:11:00,Completed,Low Efficiency,129.17186077984027,116.62545137454913,132.06009476648012,114.49771839932959,121.04868056146593,22,1,3,4
J519,M02,Drilling,3.6,96,14.32,89,2023-03-21 22:20:00,2023-03-21 23:56:00,Completed,Moderate Efficiency,117.53739835403607,129.17186077984027,116.62545137454913,132.06009476648012,116.85390599319037,22,1,1,1
J521,M05,Milling,4.81,62,14.46,80,2023-03-21 22:40:00,2023-03-21 23:42:00,Completed,Low Efficiency,110.36997159525839,141.95134390327814,117.53739835403607,129.17186077984027,123.17340559611024,22,1,4,4
J522,M04,Lathe,2.81,24,11.99,82,2023-03-21 22:50:00,2023-03-21 23:14:00,Delayed,Low Efficiency,104.98160390979102,110.36997159525839,141.95134390327814,117.53739835403607,121.8139606690333,22,1,3,3
J523,M02,Additive,1.32,52,6.94,90,2023-03-21 23:00:00,2023-03-21 23:52:00,Completed,High Efficiency,111.38590892252783,104.98160390979102,110.36997159525839,141.95134390327814,118.8605055484687,23,1,0,1
J524,M03,Additive,3.18,62,10.68,96,2023-03-21 23:10:00,2023-03-22 00:12:00,Completed,Moderate Efficiency,123.66914320952276,111.38590892252783,104.98160390979102,110.36997159525839,119.86674723917922,23,1,0,2
J525,M01,Milling,2.66,92,10.02,88,2023-03-21 23:20:00,2023-03-22 00:52:00,Completed,Moderate Efficiency,110.89658980492563,123.66914320952276,111.38590892252783,104.98160390979102,117.25599424276284,23,1,4,0
J526,M02,Grinding,3.61,76,9.64,96,2023-03-21 23:30:00,2023-03-22 00:46:00,Completed,Low Efficiency,120.92339871323186,110.89658980492563,123.66914320952276,111.38590892252783,117.73970857979079,23,1,2,1
J527,M01,Milling,1.08,67,3.15,91,2023-03-21 23:40:00,2023-03-22 00:47:00,Completed,Low Efficiency,119.48371231767628,120.92339871323186,110.89658980492563,123.66914320952276,114.53004692470483,23,1,4,0
J530,M04,Milling,1.4,87,9.93,87,2023-03-22 00:10:00,2023-03-22 01:37:00,Delayed,Low Efficiency,113.40426150248825,116.87306547386699,130.56763853018722,119.48371231767628,119.40254422169984,0,2,4,3
J531,M01,Grinding,1.21,90,8.86,95,2023-03-22 00:20:00,2023-03-22 01:50:00,Completed,Low Efficiency,104.40497970669131,113.40426150248825,116.87306547386699,130.56763853018722,116.65052086415251,0,2,2,0
J532,M03,Additive,4.5,106,4.73,84,2023-03-22 00:30:00,2023-03-22 02:16:00,Completed,High Efficiency,132.28149527545145,104.40497970669131,113.40426150248825,116.87306547386699,119.7055073599419,0,2,0,2
J533,M01,Drilling,1.54,112,6.86,93,2023-03-22 00:40:00,2023-03-22 02:32:00,Completed,High Efficiency,125.6823528209683,132.28149527545145,104.40497970669131,113.40426150248825,120.3853579467614,0,2,1,0
J534,M02,Lathe,3.14,61,3.66,88,2023-03-22 00:50:00,2023-03-22 01:51:00,Completed,High Efficiency,122.82228053171788,125.6823528209683,132.28149527545145,104.40497970669131,120.86229626305305,0,2,3,1
J535,M02,Drilling,4.9,45,6.96,90,2023-03-22 01:00:00,2023-03-22 01:45:00,Completed,Low Efficiency,123.89955413397881,122.82228053171788,125.6823528209683,132.28149527545145,119.90971277788042,1,2,1,1
J536,M01,Grinding,2.32,100,6.97,81,2023-03-22 01:10:00,2023-03-22 02:50:00,Completed,Low Efficiency,107.62884397861113,123.89955413397881,122.82228053171788,125.6823528209683,118.5891097071296,1,2,2,0
J537,M02,Lathe,3.05,48,13.96,90,2023-03-22 01:20:00,2023-03-22 02:08:00,Completed,Low Efficiency,110.1147727714455,107.62884397861113,123.89955413397881,122.82228053171788,118.11918274555205,1,2,3,1
J538,M01,Lathe,1.12,75,2.16,86,2023-03-22 01:30:00,2023-03-22 02:45:00,Completed,High Efficiency,113.21677608105028,110.1147727714455,107.62884397861113,123.89955413397881,119.3780107990319,1,2,3,0
J539,M01,Drilling,2.94,116,10.59,96,2023-03-22 01:40:00,2023-03-22 03:36:00,Completed,Moderate Efficiency,121.36751579616667,113.21677608105028,110.1147727714455,107.62884397861113,117.8188708734198,1,2,1,0
J540,M05,Lathe,3.88,60,3.62,95,2023-03-22 01:50:00,2023-03-22 02:50:00,Completed,High Efficiency,134.68658610345344,121.36751579616667,113.21677608105028,110.1147727714455,119.10518991377481,1,2,3,4
J541,M01,Additive,1.81,53,4.45,85,2023-03-22 02:00:00,2023-03-22 02:53:00,Completed,High Efficiency,120.06240024455083,134.68658610345344,121.36751579616667,113.21677608105028,118.71092130132239,2,2,0,0
J542,M03,Drilling,3.57,47,13.17,89,2023-03-22 02:10:00,2023-03-22 02:57:00,Completed,Moderate Efficiency,112.8481317313339,120.06240024455083,134.68658610345344,121.36751579616667,117.13214667237311,2,2,1,2
J543,M05,Lathe,2.12,87,3.37,89,2023-03-22 02:20:00,2023-03-22 03:47:00,Completed,High Efficiency,123.36590085064891,112.8481317313339,120.06240024455083,134.68658610345344,119.3802976540928,2,2,3,4
J544,M02,Lathe,1.3,89,5.76,89,2023-03-22 02:30:00,2023-03-22 03:59:00,Completed,High Efficiency,121.92930585177852,123.36590085064891,112.8481317313339,120.06240024455083,121.06808809414038,2,2,3,1
J545,M05,Lathe,4.19,50,6.67,89,2023-03-22 02:40:00,2023-03-22 03:30:00,Completed,Low Efficiency,125.93777288428741,121.92930585177852,123.36590085064891,112.8481317313339,122.88537335174567,2,2,3,4
J546,M04,Lathe,2.77,95,7.55,81,2023-03-22 02:50:00,2023-03-22 04:25:00,Completed,Moderate Efficiency,111.71581953422401,125.93777288428741,121.92930585177852,123.36590085064891,121.50655960003958,2,2,3,3
J547,M04,Lathe,2.75,100,6.39,91,2023-03-22 03:00:00,2023-03-22 04:40:00,Completed,High Efficiency,128.6479865185712,111.71581953422401,125.93777288428741,121.92930585177852,120.64390251648497,3,2,3,3
J548,M04,Additive,2.81,21,5.14,91,2023-03-22 03:10:00,2023-03-22 03:31:00,Completed,High Efficiency,118.17107666827953,128.6479865185712,111.71581953422401,125.93777288428741,120.37371343416048,3,2,0,3
J549,M04,Additive,1.61,61,14.7,88,2023-03-22 03:20:00,2023-03-22 04:21:00,Completed,Low Efficiency,118.80189300644145,118.17107666827953,128.6479865185712,111.71581953422401,121.22425075917586,3,2,0,3
J550,M02,Lathe,2.98,31,6.28,92,2023-03-22 03:30:00,2023-03-22 04:01:00,Completed,High Efficiency,118.83448120997416,118.80189300644145,118.17107666827953,128.6479865185712,120.57690509622232,3,2,3,1
J551,M01,Drilling,3.36,85,5.05,92,2023-03-22 03:40:00,2023-03-22 05:05:00,Completed,Low Efficiency,128.11964286226294,118.83448120997416,118.80189300644145,118.17107666827953,121.46123895486296,3,2,1,0
J552,M01,Additive,4.76,68,11.58,86,2023-03-22 03:50:00,2023-03-22 04:58:00,Completed,Moderate Efficiency,122.04560677960598,128.11964286226294,118.83448120997416,118.80189300644145,120.90521522562275,3,2,0,0
J553,M03,Lathe,3.11,63,12.39,83,2023-03-22 04:00:00,2023-03-22 05:03:00,Completed,Moderate Efficiency,114.12934059610198,122.04560677960598,128.11964286226294,118.83448120997416,121.25000394874817,4,2,3,2
J554,M04,Milling,1.42,93,6.97,96,2023-03-22 04:10:00,2023-03-22 05:43:00,Completed,High Efficiency,118.56802626882327,114.12934059610198,122.04560677960598,128.11964286226294,119.81000962735561,4,2,4,3
J555,M02,Additive,1.61,37,12.3,95,2023-03-22 04:20:00,2023-03-22 04:57:00,Delayed,Low Efficiency,114.98487109217774,118.56802626882327,114.12934059610198,122.04560677960598,119.35483740219821,4,2,0,1
J557,M04,Drilling,3.61,44,4.66,98,2023-03-22 04:40:00,2023-03-22 05:24:00,Completed,High Efficiency,126.1221309142941,148.2002289532555,114.98487109217774,118.56802626882327,124.59569249521735,4,2,1,3
J558,M03,Drilling,4.07,56,8.89,87,2023-03-22 04:50:00,2023-03-22 05:46:00,Completed,Moderate Efficiency,124.27867090852622,126.1221309142941,148.2002289532555,114.98487109217774,124.04698221611211,4,2,1,2
J559,M02,Lathe,1.78,114,9.67,88,2023-03-22 05:00:00,2023-03-22 06:54:00,Completed,Moderate Efficiency,103.78637288685441,124.27867090852622,126.1221309142941,148.2002289532555,121.43852023143333,5,2,3,1
J560,M01,Grinding,2.66,79,12.1,82,2023-03-22 05:10:00,2023-03-22 06:29:00,Delayed,Low Efficiency,102.58213305871722,103.78637288685441,124.27867090852622,126.1221309142941,119.78891915466407,5,2,2,0
J561,M04,Milling,1.65,44,8.3,88,2023-03-22 05:20:00,2023-03-22 06:04:00,Completed,Moderate Efficiency,122.77128340731569,102.58213305871722,103.78637288685441,124.27867090852622,120.38938446016299,5,2,4,3
J562,M05,Lathe,3.38,108,10.49,91,2023-03-22 05:30:00,2023-03-22 07:18:00,Completed,Moderate Efficiency,121.81902286772072,122.77128340731569,102.58213305871722,103.78637288685441,121.36569185666913,5,2,3,4
J563,M05,Milling,1.36,80,7.48,81,2023-03-22 05:40:00,2023-03-22 07:00:00,Completed,Moderate Efficiency,109.55934848575691,121.81902286772072,122.77128340731569,102.58213305871722,115.84556607559789,5,2,4,4
J564,M02,Grinding,2.72,112,12.39,85,2023-03-22 05:50:00,2023-03-22 07:42:00,Completed,Low Efficiency,101.24418572147205,109.55934848575691,121.81902286772072,122.77128340731569,112.29157390519474,5,2,2,1
J565,M05,Milling,3.16,110,13.71,95,2023-03-22 06:00:00,2023-03-22 07:50:00,Completed,Moderate Efficiency,114.96277670602653,101.24418572147205,109.55934848575691,121.81902286772072,110.96073187626622,6,2,4,4
J566,M02,Grinding,2.91,108,6.09,84,2023-03-22 06:10:00,2023-03-22 07:58:00,Completed,High Efficiency,118.55978700364392,114.96277670602653,101.24418572147205,109.55934848575691,113.07121960723615,6,2,2,1
J567,M01,Milling,3.42,88,7.35,97,2023-03-22 06:20:00,2023-03-22 07:48:00,Completed,High Efficiency,124.52378846556608,118.55978700364392,114.96277670602653,101.24418572147205,116.20574180821457,6,2,4,0
J568,M03,Grinding,2.7,74,2.47,95,2023-03-22 06:30:00,2023-03-22 07:44:00,Delayed,Low Efficiency,134.57043277196638,124.52378846556608,118.55978700364392,114.96277670602653,117.89133457459323,6,2,2,2
J569,M02,Grinding,3.08,52,10.42,96,2023-03-22 06:40:00,2023-03-22 07:32:00,Completed,Low Efficiency,122.61913949458788,134.57043277196638,124.52378846556608,118.55978700364392,118.00563694985998,6,2,2,1
J570,M03,Grinding,3.17,67,13.2,91,2023-03-22 06:50:00,2023-03-22 07:57:00,Completed,Low Efficiency,119.69002104227329,122.61913949458788,134.57043277196638,124.52378846556608,119.45287588650517,6,2,2,2
J572,M04,Additive,1.44,90,11.44,94,2023-03-22 07:10:00,2023-03-22 08:40:00,Completed,Moderate Efficiency,111.86329794497736,137.30990956317842,119.69002104227329,122.61913949458788,124.1623394694562,7,2,0,3
J574,M02,Milling,2.31,23,5.63,98,2023-03-22 07:30:00,2023-03-22 07:53:00,Completed,Low Efficiency,127.06851203866353,111.41902860955075,111.86329794497736,137.30990956317842,123.5057630664568,7,2,4,1
J575,M05,Additive,1.99,120,2.21,93,2023-03-22 07:40:00,2023-03-22 09:40:00,Delayed,Low Efficiency,137.66239910367258,127.06851203866353,111.41902860955075,111.86329794497736,123.94747254241484,7,2,0,4
J576,M03,Lathe,2.29,65,3.67,87,2023-03-22 07:50:00,2023-03-22 08:55:00,Completed,High Efficiency,118.39170595014606,137.66239910367258,127.06851203866353,111.41902860955075,123.34355346463744,7,2,3,2
J577,M04,Drilling,3.71,99,5.13,90,2023-03-22 08:00:00,2023-03-22 09:39:00,Delayed,Low Efficiency,127.30086746230317,118.39170595014606,137.66239910367258,127.06851203866353,124.4308172389274,8,2,1,3
J578,M03,Lathe,2.88,84,4.29,90,2023-03-22 08:10:00,2023-03-22 09:34:00,Completed,Low Efficiency,118.34044037839185,127.30086746230317,118.39170595014606,137.66239910367258,121.72089306967219,8,2,3,2
J579,M03,Drilling,3.36,94,13.75,86,2023-03-22 08:20:00,2023-03-22 09:54:00,Completed,Moderate Efficiency,114.40472994229295,118.34044037839185,127.30086746230317,118.39170595014606,122.08395478357441,8,2,1,2
J580,M04,Milling,3.96,28,9.13,86,2023-03-22 08:30:00,2023-03-22 08:58:00,Completed,Low Efficiency,123.8693993977986,114.40472994229295,118.34044037839185,127.30086746230317,123.86257918189553,8,2,4,3
J581,M01,Additive,3.37,67,11.24,98,2023-03-22 08:40:00,2023-03-22 09:47:00,Completed,Moderate Efficiency,116.947979492592,123.8693993977986,114.40472994229295,118.34044037839185,122.41678881817104,8,2,0,0
J582,M03,Grinding,2.67,95,6.41,85,2023-03-22 08:50:00,2023-03-22 10:25:00,Delayed,Low Efficiency,115.3535413513525,116.947979492592,123.8693993977986,114.40472994229295,119.22980913926816,8,2,2,2
J583,M02,Milling,4.15,56,13.47,80,2023-03-22 09:00:00,2023-03-22 09:56:00,Completed,Low Efficiency,100.16198772286613,115.3535413513525,116.947979492592,123.8693993977986,116.62556367822818,9,2,4,1
J586,M01,Additive,4.59,88,10.05,82,2023-03-22 09:30:00,2023-03-22 10:58:00,Completed,Moderate Efficiency,117.25181170922605,131.0934518671435,136.89278760620252,100.16198772286613,120.2244227353116,9,2,0,0
J587,M05,Additive,4.67,80,6.9,94,2023-03-22 09:40:00,2023-03-22 11:00:00,Delayed,Low Efficiency,138.18025215031673,117.25181170922605,131.0934518671435,136.89278760620252,122.26883027138562,9,2,0,4
J589,M03,Additive,4.06,54,11.89,88,2023-03-22 10:00:00,2023-03-22 10:54:00,Completed,Low Efficiency,121.38005500925182,128.021966254474,138.18025215031673,117.25181170922605,124.71175890278296,10,2,0,2
J590,M03,Lathe,1.72,110,3.47,82,2023-03-22 10:10:00,2023-03-22 12:00:00,Completed,Low Efficiency,99.22528472600037,121.38005500925182,128.021966254474,138.18025215031673,124.577944188945,10,2,3,2
J593,M03,Grinding,3.12,87,6.22,89,2023-03-22 10:40:00,2023-03-22 12:07:00,Completed,Low Efficiency,122.55829485834394,110.36621478836021,116.6005594569376,99.22528472600037,119.47608960624066,10,2,2,2
J594,M05,Drilling,2.22,84,12.13,86,2023-03-22 10:50:00,2023-03-22 12:14:00,Completed,Low Efficiency,110.59381689664032,122.55829485834394,110.36621478836021,116.6005594569376,115.53517028428689,10,2,1,4
J595,M05,Lathe,4.3,26,9.83,83,2023-03-22 11:00:00,2023-03-22 11:26:00,Completed,Low Efficiency,121.4129005534068,110.59381689664032,122.55829485834394,110.36621478836021,114.5910180412773,11,2,3,4
J596,M02,Additive,4.69,21,3.03,91,2023-03-22 11:10:00,2023-03-22 11:31:00,Completed,High Efficiency,138.97517766767794,121.4129005534068,110.59381689664032,122.55829485834394,117.10460699248104,11,2,0,1
J597,M04,Milling,3.02,64,11.0,88,2023-03-22 11:20:00,2023-03-22 12:24:00,Completed,Moderate Efficiency,111.91983558649564,138.97517766767794,121.4129005534068,110.59381689664032,118.91811425826607,11,2,4,3
J598,M04,Additive,4.33,102,2.43,93,2023-03-22 11:30:00,2023-03-22 13:12:00,Completed,Optimal Efficiency,140.05534264712233,111.91983558649564,138.97517766767794,121.4129005534068,122.26879757114959,11,2,0,3
J599,M04,Lathe,4.49,85,7.05,81,2023-03-22 11:40:00,2023-03-22 13:05:00,Delayed,Low Efficiency,115.9042174873784,140.05534264712233,111.91983558649564,138.97517766767794,123.0599408138665,11,2,3,3
J600,M01,Milling,4.72,63,10.66,86,2023-03-22 11:50:00,2023-03-22 12:53:00,Completed,Low Efficiency,113.63505453956334,115.9042174873784,140.05534264712233,111.91983558649564,121.78519219689782,11,2,4,0
J601,M01,Milling,3.89,60,12.62,92,2023-03-22 12:00:00,2023-03-22 13:00:00,Completed,Low Efficiency,106.31885327458261,113.63505453956334,115.9042174873784,140.05534264712233,121.17448310803245,12,2,4,0
J602,M04,Lathe,4.02,79,7.93,80,2023-03-22 12:10:00,2023-03-22 13:29:00,Delayed,Low Efficiency,119.14059410515917,106.31885327458261,113.63505453956334,115.9042174873784,120.84986790113992,12,2,3,3
J603,M03,Lathe,3.24,90,7.32,83,2023-03-22 12:20:00,2023-03-22 13:50:00,Completed,High Efficiency,111.23415754587853,119.14059410515917,106.31885327458261,113.63505453956334,116.88686502659714,12,2,3,2
J604,M02,Grinding,4.66,104,4.99,83,2023-03-22 12:30:00,2023-03-22 14:14:00,Delayed,Low Efficiency,125.41251573916156,111.23415754587853,119.14059410515917,106.31885327458261,118.81439076269227,12,2,2,1
J605,M04,Additive,1.43,25,9.27,91,2023-03-22 12:40:00,2023-03-22 13:05:00,Completed,Moderate Efficiency,114.1511854186605,125.41251573916156,111.23415754587853,119.14059410515917,115.113796872912,12,2,0,3
J606,M01,Grinding,3.62,103,11.35,94,2023-03-22 12:50:00,2023-03-22 14:33:00,Completed,Moderate Efficiency,117.2997117706523,114.1511854186605,125.41251573916156,111.23415754587853,115.313153199094,12,2,2,0
J613,M03,Additive,4.02,66,6.01,84,2023-03-22 14:00:00,2023-03-22 15:06:00,Completed,High Efficiency,130.08360042041082,93.10878622943842,98.72621901095386,118.9372621856004,114.15466587534685,14,2,0,2
J614,M01,Lathe,4.24,77,5.71,81,2023-03-22 14:10:00,2023-03-22 15:27:00,Completed,High Efficiency,121.26577992775661,130.08360042041082,93.10878622943842,98.72621901095386,114.28884115435918,14,2,3,0
J615,M02,Milling,3.24,53,12.27,81,2023-03-22 14:20:00,2023-03-22 15:13:00,Delayed,Low Efficiency,104.25645680110016,121.26577992775661,130.08360042041082,93.10878622943842,112.35683484870867,14,2,4,1
J617,M01,Drilling,2.09,66,11.05,91,2023-03-22 14:40:00,2023-03-22 15:46:00,Completed,Low Efficiency,115.97421781656455,124.1668090602025,104.25645680110016,121.26577992775661,112.51169560948956,14,2,1,0
J618,M02,Lathe,3.83,94,13.39,84,2023-03-22 14:50:00,2023-03-22 16:24:00,Completed,Moderate Efficiency,111.6851149106387,115.97421781656455,124.1668090602025,104.25645680110016,114.36296645230168,14,2,3,1
J619,M01,Grinding,1.04,114,11.61,98,2023-03-22 15:00:00,2023-03-22 16:54:00,Delayed,Low Efficiency,120.53792003540147,111.6851149106387,115.97421781656455,124.1668090602025,118.28141413886783,15,2,2,0
J620,M01,Additive,3.85,112,13.5,85,2023-03-22 15:10:00,2023-03-22 17:02:00,Completed,Moderate Efficiency,107.74000800892863,120.53792003540147,111.6851149106387,115.97421781656455,115.08947236579895,15,2,0,0
J621,M05,Drilling,4.68,58,8.91,87,2023-03-22 15:20:00,2023-03-22 16:18:00,Completed,Low Efficiency,132.67030366180813,107.74000800892863,120.53792003540147,111.6851149106387,116.71869004209202,15,2,1,4
J622,M03,Grinding,1.93,107,2.24,80,2023-03-22 15:30:00,2023-03-22 17:17:00,Delayed,Low Efficiency,115.1569552221109,132.67030366180813,107.74000800892863,120.53792003540147,118.27590410223641,15,2,2,2
J623,M04,Grinding,2.43,109,9.16,81,2023-03-22 15:40:00,2023-03-22 17:29:00,Completed,High Efficiency,111.69170532874179,115.1569552221109,132.67030366180813,107.74000800892863,116.49374642631345,15,2,2,3
J624,M03,Additive,1.92,29,14.55,91,2023-03-22 15:50:00,2023-03-22 16:19:00,Completed,Moderate Efficiency,113.54875134772465,111.69170532874179,115.1569552221109,132.67030366180813,116.14725121647918,15,2,0,2
J625,M01,Drilling,3.36,70,11.67,94,2023-03-22 16:00:00,2023-03-22 17:10:00,Delayed,Low Efficiency,119.08026441669358,113.54875134772465,111.69170532874179,115.1569552221109,117.20370114591559,16,2,1,0
J626,M05,Drilling,3.13,52,2.68,82,2023-03-22 16:10:00,2023-03-22 17:02:00,Completed,Low Efficiency,121.20801904108492,119.08026441669358,113.54875134772465,111.69170532874179,117.29942957529894,16,2,1,4
J627,M01,Grinding,3.22,72,3.4,85,2023-03-22 16:20:00,2023-03-22 17:32:00,Completed,Low Efficiency,122.10669599628801,121.20801904108492,119.08026441669358,113.54875134772465,119.35181357349313,16,2,2,0
J628,M02,Drilling,1.5,119,6.85,84,2023-03-22 16:30:00,2023-03-22 18:29:00,Completed,Low Efficiency,122.0847151639443,122.10669599628801,121.20801904108492,119.08026441669358,117.83958664522687,16,2,1,1
J629,M03,Milling,1.3,112,2.94,93,2023-03-22 16:40:00,2023-03-22 18:32:00,Delayed,Low Efficiency,120.14133489775621,122.0847151639443,122.10669599628801,121.20801904108492,118.5516408846048,16,2,4,2
J630,M05,Additive,4.02,39,6.18,93,2023-03-22 16:50:00,2023-03-22 17:29:00,Delayed,Low Efficiency,137.04707478632452,120.14133489775621,122.0847151639443,122.10669599628801,122.17383652140232,16,2,0,4
J631,M01,Lathe,4.54,105,2.63,97,2023-03-22 17:00:00,2023-03-22 18:45:00,Completed,Low Efficiency,130.8975048142167,137.04707478632452,120.14133489775621,122.0847151639443,124.65222987375832,17,2,3,0
J632,M01,Grinding,2.1,51,13.64,85,2023-03-22 17:10:00,2023-03-22 18:01:00,Completed,Low Efficiency,104.39462726790944,130.8975048142167,137.04707478632452,120.14133489775621,122.5542817096463,17,2,2,0
J633,M03,Milling,4.42,98,14.08,97,2023-03-22 17:20:00,2023-03-22 18:58:00,Delayed,Low Efficiency,123.50483213017016,104.39462726790944,130.8975048142167,137.04707478632452,122.8823978652299,17,2,4,2
J634,M03,Drilling,3.26,87,9.49,80,2023-03-22 17:30:00,2023-03-22 18:57:00,Completed,Low Efficiency,113.17078779647828,123.50483213017016,104.39462726790944,130.8975048142167,121.60583955097137,17,2,1,2
J636,M05,Milling,1.45,73,4.36,80,2023-03-22 17:50:00,2023-03-22 19:03:00,Delayed,Low Efficiency,113.85932270081624,104.14097979473999,113.17078779647828,123.50483213017016,118.14501847009362,17,2,4,4
J638,M05,Drilling,3.8,93,4.06,88,2023-03-22 18:10:00,2023-03-22 19:43:00,Completed,Low Efficiency,134.09048313538437,108.80897615090477,113.85932270081624,104.14097979473999,114.56714413948619,18,2,1,4
J639,M05,Grinding,1.37,102,2.21,82,2023-03-22 18:20:00,2023-03-22 20:02:00,Delayed,Low Efficiency,123.84460898630712,134.09048313538437,108.80897615090477,113.85932270081624,117.34571295640012,18,2,2,4
J640,M01,Lathe,1.78,36,6.59,86,2023-03-22 18:30:00,2023-03-22 19:06:00,Completed,High Efficiency,117.92174270839742,123.84460898630712,134.09048313538437,108.80897615090477,116.54812875328973,18,2,3,0
J641,M01,Grinding,2.8,113,3.17,85,2023-03-22 18:40:00,2023-03-22 20:33:00,Delayed,Low Efficiency,119.54408996361526,117.92174270839742,123.84460898630712,134.09048313538437,117.45860049145219,18,2,2,0
J642,M04,Lathe,4.66,43,11.89,90,2023-03-22 18:50:00,2023-03-22 19:33:00,Delayed,Low Efficiency,129.37998619903357,119.54408996361526,117.92174270839742,123.84460898630712,121.06417283492269,18,2,3,3
J643,M05,Grinding,4.74,61,5.82,91,2023-03-22 19:00:00,2023-03-22 20:01:00,Delayed,Low Efficiency,139.5780494324076,129.37998619903357,119.54408996361526,117.92174270839742,124.73827665372144,19,2,2,4
J644,M02,Drilling,4.04,87,14.09,89,2023-03-22 19:10:00,2023-03-22 20:37:00,Completed,Moderate Efficiency,112.95093679814467,139.5780494324076,129.37998619903357,119.54408996361526,125.32998531761287,19,2,1,1
J645,M01,Milling,2.32,50,8.42,89,2023-03-22 19:20:00,2023-03-22 20:10:00,Delayed,Low Efficiency,105.12630744203426,112.95093679814467,139.5780494324076,129.37998619903357,121.19224593284855,19,2,4,0
J647,M05,Grinding,2.44,97,14.54,98,2023-03-22 19:40:00,2023-03-22 21:17:00,Completed,Low Efficiency,126.63667746297429,124.5341818107279,105.12630744203426,112.95093679814467,122.5357470155625,19,2,2,4
J648,M01,Additive,1.71,56,11.0,90,2023-03-22 19:50:00,2023-03-22 20:46:00,Completed,Moderate Efficiency,114.42356496219998,126.63667746297429,124.5341818107279,105.12630744203426,121.80424344393177,19,2,0,0
J649,M03,Additive,1.69,57,2.81,96,2023-03-22 20:00:00,2023-03-22 20:57:00,Delayed,Low Efficiency,129.3397122117111,114.42356496219998,126.63667746297429,124.5341818107279,121.79849001717139,20,2,0,2
J650,M04,Drilling,1.34,100,9.56,85,2023-03-22 20:10:00,2023-03-22 21:50:00,Completed,Moderate Efficiency,121.4792159002428,129.3397122117111,114.42356496219998,126.63667746297429,119.21294236971927,20,2,1,3
J651,M01,Drilling,3.41,37,6.08,84,2023-03-22 20:20:00,2023-03-22 20:57:00,Delayed,Low Efficiency,121.27352244001673,121.4792159002428,129.3397122117111,114.42356496219998,120.401883175701,20,2,1,0
J652,M01,Additive,2.29,25,3.47,85,2023-03-22 20:30:00,2023-03-22 20:55:00,Completed,High Efficiency,110.24802862104629,121.27352244001673,121.4792159002428,129.3397122117111,121.13355762984558,20,2,0,0
J653,M04,Drilling,1.59,21,12.56,81,2023-03-22 20:40:00,2023-03-22 21:01:00,Delayed,Low Efficiency,109.37880313146344,110.24802862104629,121.27352244001673,121.4792159002428,118.96850353280782,20,2,1,3
J654,M02,Drilling,2.03,59,3.42,93,2023-03-22 20:50:00,2023-03-22 21:49:00,Delayed,Low Efficiency,129.50120307285434,109.37880313146344,110.24802862104629,121.27352244001673,119.37772147707639,20,2,1,1
J655,M04,Milling,4.76,46,4.61,89,2023-03-22 21:00:00,2023-03-22 21:46:00,Completed,Low Efficiency,129.95604327235552,129.50120307285434,109.37880313146344,110.24802862104629,121.59664694995574,21,2,4,3
J656,M02,Grinding,3.68,23,8.99,87,2023-03-22 21:10:00,2023-03-22 21:33:00,Completed,High Efficiency,121.44056050115996,129.95604327235552,129.50120307285434,109.37880313146344,120.4681967055913,21,2,2,1
J657,M03,Grinding,3.91,101,10.7,95,2023-03-22 21:20:00,2023-03-22 23:01:00,Completed,Moderate Efficiency,125.5086219553851,121.44056050115996,129.95604327235552,129.50120307285434,121.0438261420402,21,2,2,2
J658,M02,Drilling,4.08,60,2.94,90,2023-03-22 21:30:00,2023-03-22 22:30:00,Delayed,Low Efficiency,125.66002065177634,125.5086219553851,121.44056050115996,129.95604327235552,121.67046874372014,21,2,1,1
J659,M03,Milling,1.18,61,14.09,87,2023-03-22 21:40:00,2023-03-22 22:41:00,Delayed,Low Efficiency,99.96847998389774,125.66002065177634,125.5086219553851,121.44056050115996,120.20196179555606,21,2,4,2
J660,M01,Milling,4.59,120,3.14,93,2023-03-22 21:50:00,2023-03-22 23:50:00,Delayed,Low Efficiency,123.96892102221855,99.96847998389774,125.66002065177634,125.5086219553851,122.28626435137822,21,2,4,0
J661,M04,Lathe,3.82,79,13.23,96,2023-03-22 22:00:00,2023-03-22 23:19:00,Completed,Low Efficiency,118.13029544602813,123.96892102221855,99.96847998389774,125.66002065177634,120.66184897611733,22,2,3,3
J662,M03,Milling,1.73,30,4.05,93,2023-03-22 22:10:00,2023-03-22 22:40:00,Delayed,Low Efficiency,114.27965825448862,118.13029544602813,123.96892102221855,99.96847998389774,118.42236540213635,22,2,4,2
J663,M03,Lathe,1.83,112,9.51,80,2023-03-22 22:20:00,2023-03-23 00:12:00,Delayed,Low Efficiency,108.25544546319823,114.27965825448862,118.13029544602813,123.96892102221855,116.5387775395704,22,2,3,2
J664,M05,Additive,4.86,97,2.25,86,2023-03-22 22:30:00,2023-03-23 00:07:00,Completed,Optimal Efficiency,139.5994807270631,108.25544546319823,114.27965825448862,118.13029544602813,118.55175736409582,22,2,0,4
J665,M02,Lathe,1.12,45,7.92,97,2023-03-22 22:40:00,2023-03-22 23:25:00,Completed,High Efficiency,115.27517318659646,139.5994807270631,108.25544546319823,114.27965825448862,117.06820772621298,22,2,3,1
J666,M01,Additive,2.92,71,2.99,97,2023-03-22 22:50:00,2023-03-23 00:01:00,Completed,Low Efficiency,130.9853103613481,115.27517318659646,139.5994807270631,108.25544546319823,121.49918349442017,22,2,0,0
J667,M01,Milling,2.63,71,6.57,97,2023-03-22 23:00:00,2023-03-23 00:11:00,Completed,High Efficiency,120.80388447489275,130.9853103613481,115.27517318659646,139.5994807270631,121.04703541623077,23,2,4,0
J668,M01,Additive,3.36,29,11.77,94,2023-03-22 23:10:00,2023-03-22 23:39:00,Completed,Low Efficiency,128.23197364056244,120.80388447489275,130.9853103613481,115.27517318659646,122.49013230116422,23,2,0,0
J669,M03,Additive,3.22,39,5.85,94,2023-03-22 23:20:00,2023-03-22 23:59:00,Completed,Low Efficiency,122.42892142250544,128.23197364056244,120.80388447489275,130.9853103613481,123.65431275373807,23,2,0,2
J670,M01,Grinding,4.21,84,10.61,91,2023-03-22 23:30:00,2023-03-23 00:54:00,Completed,Moderate Efficiency,122.68738260425447,122.42892142250544,128.23197364056244,120.80388447489275,125.71601805960324,23,2,2,0
J671,M02,Drilling,3.0,116,8.84,91,2023-03-22 23:40:00,2023-03-23 01:36:00,Completed,High Efficiency,119.46344012991108,122.68738260425447,122.42892142250544,128.23197364056244,122.83944083143868,23,2,1,1
J672,M02,Grinding,1.72,30,7.5,81,2023-03-22 23:50:00,2023-03-23 00:20:00,Delayed,Low Efficiency,99.89707077510275,119.46344012991108,122.68738260425447,122.42892142250544,120.64256905836815,23,2,2,1
J673,M02,Grinding,2.43,102,9.49,84,2023-03-23 00:00:00,2023-03-23 01:42:00,Delayed,Low Efficiency,102.0884845841802,99.89707077510275,119.46344012991108,122.68738260425447,116.51445109020129,0,3,2,1
J674,M03,Additive,4.68,99,6.84,82,2023-03-23 00:10:00,2023-03-23 01:49:00,Completed,High Efficiency,122.20808252932355,102.0884845841802,99.89707077510275,119.46344012991108,116.71505081226285,0,3,0,2
J676,M01,Milling,1.37,108,12.39,83,2023-03-23 00:30:00,2023-03-23 02:18:00,Delayed,Low Efficiency,100.29231466990046,134.77454777896526,122.20808252932355,102.0884845841802,114.48733186737682,0,3,4,0
J677,M02,Additive,4.61,111,10.3,89,2023-03-23 00:40:00,2023-03-23 02:31:00,Delayed,Low Efficiency,121.78009213661109,100.29231466990046,134.77454777896526,122.20808252932355,114.35771894342777,0,3,0,1
J678,M03,Additive,4.05,58,14.55,97,2023-03-23 00:50:00,2023-03-23 01:48:00,Delayed,Low Efficiency,132.40010495706625,121.78009213661109,100.29231466990046,134.77454777896526,116.20581391873566,0,3,0,2
J679,M01,Drilling,1.65,76,10.69,88,2023-03-23 01:00:00,2023-03-23 02:16:00,Completed,Low Efficiency,118.46191748258053,132.40010495706625,121.78009213661109,100.29231466990046,118.85793487694676,1,3,1,0
J680,M02,Additive,3.12,24,11.09,86,2023-03-23 01:10:00,2023-03-23 01:34:00,Completed,Moderate Efficiency,119.8924329247828,118.46191748258053,132.40010495706625,121.78009213661109,121.40135606846142,1,3,0,1
J681,M04,Grinding,4.08,67,11.06,81,2023-03-23 01:20:00,2023-03-23 02:27:00,Completed,Low Efficiency,113.35098666095944,119.8924329247828,118.46191748258053,132.40010495706625,120.13605665869511,1,3,2,3
J682,M03,Milling,1.73,46,4.04,85,2023-03-23 01:30:00,2023-03-23 02:16:00,Completed,Low Efficiency,119.82909592255183,113.35098666095944,119.8924329247828,118.46191748258053,118.0009921077789,1,3,4,2
J683,M04,Grinding,2.22,46,6.99,90,2023-03-23 01:40:00,2023-03-23 02:26:00,Completed,Low Efficiency,125.65897847831668,119.82909592255183,113.35098666095944,119.8924329247828,121.62480122326694,1,3,2,3
J684,M03,Grinding,1.46,28,13.43,96,2023-03-23 01:50:00,2023-03-23 02:18:00,Completed,Low Efficiency,119.1310370567746,125.65897847831668,119.82909592255183,113.35098666095944,121.24636478329032,1,3,2,2
J685,M03,Additive,4.39,81,10.4,91,2023-03-23 02:00:00,2023-03-23 03:21:00,Completed,Moderate Efficiency,125.40268162514235,119.1310370567746,125.65897847831668,119.82909592255183,120.24673287872974,2,3,0,2
J686,M03,Milling,4.76,37,5.02,98,2023-03-23 02:10:00,2023-03-23 02:47:00,Completed,High Efficiency,119.8632274736265,125.40268162514235,119.1310370567746,125.65897847831668,120.44692002030774,2,3,4,2
J688,M01,Milling,4.75,62,7.47,89,2023-03-23 02:30:00,2023-03-23 03:32:00,Completed,Low Efficiency,112.80660798275032,118.63595510741838,119.8632274736265,125.40268162514235,120.18965480665439,2,3,4,0
J689,M03,Lathe,1.17,25,5.92,85,2023-03-23 02:40:00,2023-03-23 03:05:00,Completed,High Efficiency,111.8121596406989,112.80660798275032,118.63595510741838,119.8632274736265,119.04437819496111,2,3,3,2
J690,M05,Lathe,3.73,40,10.82,94,2023-03-23 02:50:00,2023-03-23 03:30:00,Delayed,Low Efficiency,137.17472675609878,111.8121596406989,112.80660798275032,118.63595510741838,120.68948509178712,2,3,3,4
J691,M05,Milling,3.48,87,4.38,97,2023-03-23 03:00:00,2023-03-23 04:27:00,Completed,Low Efficiency,134.17688378137188,137.17472675609878,111.8121596406989,112.80660798275032,122.83889176672957,3,3,4,4
J692,M01,Drilling,4.66,83,4.07,89,2023-03-23 03:10:00,2023-03-23 04:33:00,Completed,High Efficiency,135.37223236779118,134.17688378137188,137.17472675609878,111.8121596406989,124.26311330139369,3,3,1,0
J693,M03,Lathe,4.51,59,3.23,85,2023-03-23 03:20:00,2023-03-23 04:19:00,Completed,Low Efficiency,119.39701715309143,135.37223236779118,134.17688378137188,137.17472675609878,124.19651182703156,3,3,3,2
J694,M01,Drilling,2.77,23,9.15,94,2023-03-23 03:30:00,2023-03-23 03:53:00,Completed,Moderate Efficiency,113.02666522633146,119.39701715309143,135.37223236779118,134.17688378137188,123.395184701162,3,3,1,0
J695,M01,Milling,3.71,80,8.73,96,2023-03-23 03:40:00,2023-03-23 05:00:00,Delayed,Low Efficiency,118.64548604010226,113.02666522633146,119.39701715309143,135.37223236779118,124.22931013792655,3,3,4,0
J696,M01,Lathe,1.81,114,8.34,89,2023-03-23 03:50:00,2023-03-23 05:44:00,Delayed,Low Efficiency,116.9807486721725,118.64548604010226,113.02666522633146,119.39701715309143,124.96767999956565,3,3,3,0
J697,M04,Grinding,2.08,74,7.6,90,2023-03-23 04:00:00,2023-03-23 05:14:00,Delayed,Low Efficiency,118.92875276176345,116.9807486721725,118.64548604010226,113.02666522633146,122.36111228608918,4,3,2,3
J698,M05,Milling,2.46,56,13.15,82,2023-03-23 04:10:00,2023-03-23 05:06:00,Delayed,Low Efficiency,102.45681839464251,118.92875276176345,116.9807486721725,118.64548604010226,117.82967437369925,4,3,4,4
J700,M01,Drilling,3.16,105,8.39,90,2023-03-23 04:30:00,2023-03-23 06:15:00,Completed,Low Efficiency,126.40167609238632,128.23583644972484,102.45681839464251,118.92875276176345,117.81085480530332,4,3,1,0
J702,M05,Lathe,3.85,45,14.9,94,2023-03-23 04:50:00,2023-03-23 05:35:00,Delayed,Low Efficiency,114.74228502938324,122.14629900463315,126.40167609238632,128.23583644972484,118.55605948638656,4,3,3,4
J703,M01,Additive,1.08,41,7.52,99,2023-03-23 05:00:00,2023-03-23 05:41:00,Completed,Moderate Efficiency,120.01265372745316,114.74228502938324,122.14629900463315,126.40167609238632,118.9891887799981,5,3,0,0
J704,M05,Lathe,4.1,39,9.13,87,2023-03-23 05:10:00,2023-03-23 05:49:00,Delayed,Low Efficiency,128.46719187356047,120.01265372745316,114.74228502938324,122.14629900463315,120.35182293882623,5,3,3,4
J706,M03,Drilling,1.2,85,8.14,86,2023-03-23 05:30:00,2023-03-23 06:55:00,Completed,Low Efficiency,124.89276705285222,127.90510762974365,128.46719187356047,120.01265372745316,123.5097114871446,5,3,1,2
J707,M04,Milling,4.77,41,6.24,95,2023-03-23 05:40:00,2023-03-23 06:21:00,Delayed,Low Efficiency,136.38922862915558,124.89276705285222,127.90510762974365,128.46719187356047,124.93650470668307,5,3,4,3
J708,M05,Lathe,4.73,94,6.32,91,2023-03-23 05:50:00,2023-03-23 07:24:00,Delayed,Low Efficiency,131.59552411565164,136.38922862915558,124.89276705285222,127.90510762974365,126.28639400825713,5,3,3,4
J710,M02,Grinding,1.76,77,12.33,92,2023-03-23 06:10:00,2023-03-23 07:27:00,Completed,Low Efficiency,113.52148506365938,122.25638919044383,131.59552411565164,136.38922862915558,126.43252765072383,6,3,2,1
J711,M04,Grinding,2.54,38,11.54,84,2023-03-23 06:20:00,2023-03-23 06:58:00,Completed,Low Efficiency,109.21739323746277,113.52148506365938,122.25638919044383,131.59552411565164,123.68255641699558,6,3,2,3
J712,M03,Drilling,1.35,80,12.83,99,2023-03-23 06:30:00,2023-03-23 07:50:00,Completed,Moderate Efficiency,122.9288742212255,109.21739323746277,113.52148506365938,122.25638919044383,122.97166593006442,6,3,1,2
J714,M04,Milling,1.5,42,5.4,91,2023-03-23 06:50:00,2023-03-23 07:32:00,Delayed,Low Efficiency,116.61801449598066,101.87836673069457,122.9288742212255,109.21739323746277,116.85943529358835,6,3,4,3
J715,M05,Lathe,4.22,51,4.22,80,2023-03-23 07:00:00,2023-03-23 07:51:00,Completed,High Efficiency,130.3449134797899,116.61801449598066,101.87836673069457,122.9288742212255,116.68077663132237,7,3,3,4
J716,M05,Additive,3.67,27,3.19,85,2023-03-23 07:10:00,2023-03-23 07:37:00,Completed,High Efficiency,132.510592568913,130.3449134797899,116.61801449598066,101.87836673069457,118.14566282824653,7,3,0,4
J718,M04,Additive,1.79,101,5.32,80,2023-03-23 07:30:00,2023-03-23 09:11:00,Completed,High Efficiency,116.05931154282254,115.61829306329186,132.510592568913,130.3449134797899,119.42262372895972,7,3,0,3
J719,M04,Milling,3.19,92,4.96,85,2023-03-23 07:40:00,2023-03-23 09:12:00,Completed,High Efficiency,124.82195292794336,116.05931154282254,115.61829306329186,132.510592568913,119.69306354420512,7,3,4,3
J720,M01,Additive,1.24,91,2.78,86,2023-03-23 07:50:00,2023-03-23 09:21:00,Completed,Low Efficiency,117.04129663291636,124.82195292794336,116.05931154282254,115.61829306329186,121.85919638737967,7,3,0,0
J721,M02,Lathe,3.07,66,7.93,94,2023-03-23 08:00:00,2023-03-23 09:06:00,Delayed,Low Efficiency,119.99464576574677,117.04129663291636,124.82195292794336,116.05931154282254,122.34157228306053,8,3,3,1
J722,M04,Drilling,2.43,40,14.48,80,2023-03-23 08:10:00,2023-03-23 08:50:00,Completed,Moderate Efficiency,105.07753630183184,119.99464576574677,117.04129663291636,124.82195292794336,118.73194697192368,8,3,1,3
J724,M01,Additive,2.69,32,9.08,97,2023-03-23 08:30:00,2023-03-23 09:02:00,Completed,Moderate Efficiency,124.19155119812196,116.44762747170155,105.07753630183184,119.99464576574677,117.66198883444063,8,3,0,0
J725,M04,Lathe,4.78,117,12.68,87,2023-03-23 08:40:00,2023-03-23 10:37:00,Completed,Low Efficiency,111.60481975513733,124.19155119812196,116.44762747170155,105.07753630183184,117.02563286477131,8,3,3,3
J727,M01,Grinding,2.08,30,12.34,84,2023-03-23 09:00:00,2023-03-23 09:30:00,Delayed,Low Efficiency,101.0080547924678,117.9850952907748,111.60481975513733,124.19155119812196,113.7584757965403,9,3,2,0
J728,M03,Additive,4.48,67,6.24,94,2023-03-23 09:10:00,2023-03-23 10:17:00,Delayed,Low Efficiency,142.60859692227578,101.0080547924678,117.9850952907748,111.60481975513733,116.98904024747301,9,3,0,2
J729,M04,Lathe,4.22,49,4.45,96,2023-03-23 09:20:00,2023-03-23 10:09:00,Delayed,Low Efficiency,138.79337021054522,142.60859692227578,101.0080547924678,117.9850952907748,121.80558794871777,9,3,3,3
J730,M02,Additive,4.63,119,2.06,97,2023-03-23 09:30:00,2023-03-23 11:29:00,Completed,Low Efficiency,145.76929689699915,138.79337021054522,142.60859692227578,101.0080547924678,125.99439786661742,9,3,0,1
J731,M02,Additive,2.94,115,13.99,97,2023-03-23 09:40:00,2023-03-23 11:35:00,Completed,Low Efficiency,120.07520841367796,145.76929689699915,138.79337021054522,142.60859692227578,125.40634889741114,9,3,0,1
J732,M04,Drilling,2.07,31,2.33,82,2023-03-23 09:50:00,2023-03-23 10:21:00,Completed,Low Efficiency,118.47004229003015,120.07520841367796,145.76929689699915,138.79337021054522,126.3870949738244,9,3,1,3
J733,M02,Lathe,4.02,82,6.14,81,2023-03-23 10:00:00,2023-03-23 11:22:00,Completed,Low Efficiency,114.4644119917132,118.47004229003015,120.07520841367796,145.76929689699915,125.88414021681561,10,3,3,1
J734,M02,Lathe,4.08,71,8.52,82,2023-03-23 10:10:00,2023-03-23 11:21:00,Delayed,Low Efficiency,109.89659948724163,114.4644119917132,118.47004229003015,120.07520841367796,127.15393231606902,10,3,3,1
J735,M01,Milling,4.41,54,6.6,84,2023-03-23 10:20:00,2023-03-23 11:14:00,Completed,Low Efficiency,129.20100195793503,109.89659948724163,114.4644119917132,118.47004229003015,125.23856160687748,10,3,4,0
J736,M05,Grinding,2.13,27,6.99,94,2023-03-23 10:30:00,2023-03-23 10:57:00,Completed,Low Efficiency,115.04039175814299,129.20100195793503,109.89659948724163,114.4644119917132,121.84527897082002,10,3,2,4
J737,M05,Lathe,2.04,20,10.93,87,2023-03-23 10:40:00,2023-03-23 11:00:00,Completed,Low Efficiency,116.44404267536906,115.04039175814299,129.20100195793503,109.89659948724163,117.65595693915859,10,3,3,4
J739,M04,Additive,2.11,98,11.77,97,2023-03-23 11:00:00,2023-03-23 12:38:00,Completed,Low Efficiency,124.83928254252656,104.04423851003736,116.44404267536906,115.04039175814299,116.27570984613797,11,3,0,3
J740,M01,Additive,4.6,58,11.98,94,2023-03-23 11:10:00,2023-03-23 12:08:00,Completed,Moderate Efficiency,121.98399028753133,124.83928254252656,104.04423851003736,116.44404267536906,117.34993531696912,11,3,0,0
J742,M01,Additive,1.17,75,12.89,84,2023-03-23 11:30:00,2023-03-23 12:45:00,Completed,Moderate Efficiency,100.12601849532518,113.03385518758685,121.98399028753133,124.83928254252656,113.64454563664562,11,3,0,0
J744,M02,Lathe,3.2,98,7.96,86,2023-03-23 11:50:00,2023-03-23 13:28:00,Completed,High Efficiency,115.28305788845203,131.41493076871032,100.12601849532518,113.03385518758685,115.81791052573853,11,3,3,1
J745,M03,Drilling,2.97,35,5.72,88,2023-03-23 12:00:00,2023-03-23 12:35:00,Delayed,Low Efficiency,121.10248902760956,115.28305788845203,131.41493076871032,100.12601849532518,118.25480345682026,12,3,1,2
J746,M03,Milling,1.14,30,7.66,96,2023-03-23 12:10:00,2023-03-23 12:40:00,Completed,High Efficiency,119.37693482041436,121.10248902760956,115.28305788845203,131.41493076871032,117.4744680679471,12,3,4,2
J747,M05,Lathe,2.57,36,13.05,80,2023-03-23 12:20:00,2023-03-23 12:56:00,Completed,Moderate Efficiency,107.3867465728315,119.37693482041436,121.10248902760956,115.28305788845203,115.38914753727569,12,3,3,4
J748,M02,Milling,2.43,94,6.97,87,2023-03-23 12:30:00,2023-03-23 14:04:00,Delayed,Low Efficiency,116.84116879670826,107.3867465728315,119.37693482041436,121.10248902760956,115.93304948143589,12,3,4,1
J749,M02,Grinding,1.56,69,12.09,90,2023-03-23 12:40:00,2023-03-23 13:49:00,Delayed,Low Efficiency,101.33071672031085,116.84116879670826,107.3867465728315,119.37693482041436,116.1051492278624,12,3,2,1
J750,M05,Drilling,1.7,74,7.82,93,2023-03-23 12:50:00,2023-03-23 14:04:00,Completed,High Efficiency,126.48401952231002,101.33071672031085,116.84116879670826,107.3867465728315,115.4007333355195,12,3,1,4
J751,M05,Drilling,3.87,90,2.72,87,2023-03-23 13:00:00,2023-03-23 14:30:00,Completed,Low Efficiency,137.7444741855119,126.48401952231002,101.33071672031085,116.84116879670826,118.60950709224234,13,3,1,4
J752,M04,Lathe,4.64,110,12.13,98,2023-03-23 13:10:00,2023-03-23 15:00:00,Delayed,Low Efficiency,120.27600854442719,137.7444741855119,126.48401952231002,101.33071672031085,118.49143845178773,13,3,3,3
J754,M02,Milling,3.57,117,8.53,98,2023-03-23 13:30:00,2023-03-23 15:27:00,Completed,Low Efficiency,132.6399078641408,119.17797642211657,120.27600854442719,137.7444741855119,122.07061029364651,13,3,4,1
J755,M04,Grinding,2.89,120,10.96,97,2023-03-23 13:40:00,2023-03-23 15:40:00,Delayed,Low Efficiency,124.9887114832265,132.6399078641408,119.17797642211657,120.27600854442719,123.23454496314912,13,3,2,3
J756,M03,Grinding,4.24,29,11.47,83,2023-03-23 13:50:00,2023-03-23 14:19:00,Completed,Low Efficiency,120.58302968512407,124.9887114832265,132.6399078641408,119.17797642211657,125.98487538669386,13,3,2,2
J757,M04,Grinding,1.74,67,7.84,82,2023-03-23 14:00:00,2023-03-23 15:07:00,Completed,Low Efficiency,116.13485225155456,120.58302968512407,124.9887114832265,132.6399078641408,124.5064229194431,14,3,2,3
J758,M04,Drilling,1.9,32,2.32,92,2023-03-23 14:10:00,2023-03-23 14:42:00,Completed,High Efficiency,126.42847151244712,116.13485225155456,120.58302968512407,124.9887114832265,122.88985110900526,14,3,1,3
J759,M04,Drilling,1.12,113,12.41,84,2023-03-23 14:20:00,2023-03-23 16:13:00,Delayed,Low Efficiency,108.92683367293249,126.42847151244712,116.13485225155456,120.58302968512407,121.26854041307745,14,3,1,3
J760,M02,Drilling,1.66,26,6.33,85,2023-03-23 14:30:00,2023-03-23 14:56:00,Completed,High Efficiency,107.87902644569199,108.92683367293249,126.42847151244712,116.13485225155456,119.65440470215965,14,3,1,1
J761,M03,Milling,1.83,87,6.72,90,2023-03-23 14:40:00,2023-03-23 16:07:00,Completed,High Efficiency,113.08448481448738,107.87902644569199,108.92683367293249,126.42847151244712,116.86077283792345,14,3,4,2
J762,M04,Lathe,4.14,76,11.27,99,2023-03-23 14:50:00,2023-03-23 16:06:00,Completed,Moderate Efficiency,129.9944398748312,113.08448481448738,107.87902644569199,108.92683367293249,117.57587689386696,14,3,3,3
J764,M04,Grinding,4.25,97,3.23,82,2023-03-23 15:10:00,2023-03-23 16:47:00,Completed,High Efficiency,127.22206062623957,120.84650246868901,129.9944398748312,113.08448481448738,119.19740277361696,15,3,2,3
J766,M04,Grinding,2.55,98,8.86,81,2023-03-23 15:30:00,2023-03-23 17:08:00,Delayed,Low Efficiency,108.07846893522314,113.89191865071582,127.22206062623957,120.84650246868901,117.28527168798259,15,3,2,3
J767,M03,Grinding,1.83,112,3.11,95,2023-03-23 15:40:00,2023-03-23 17:32:00,Completed,Low Efficiency,127.16451362722565,108.07846893522314,113.89191865071582,127.22206062623957,120.04034128534454,15,3,2,2
J768,M04,Milling,2.13,87,5.3,95,2023-03-23 15:50:00,2023-03-23 17:17:00,Completed,Low Efficiency,123.69139692256539,127.16451362722565,108.07846893522314,113.89191865071582,121.55561444364139,15,3,4,3
J769,M01,Drilling,2.3,59,4.32,95,2023-03-23 16:00:00,2023-03-23 16:59:00,Completed,High Efficiency,136.1139562333982,123.69139692256539,127.16451362722565,108.07846893522314,122.42983106629383,16,3,1,0
J770,M05,Grinding,4.21,105,9.96,93,2023-03-23 16:10:00,2023-03-23 17:55:00,Delayed,Low Efficiency,128.11216671899956,136.1139562333982,123.69139692256539,127.16451362722565,123.46778310205248,16,3,2,4
J771,M05,Additive,3.69,103,2.21,95,2023-03-23 16:20:00,2023-03-23 18:03:00,Completed,Low Efficiency,139.76791681002908,128.11216671899956,136.1139562333982,123.69139692256539,125.26004827116526,16,3,0,4
J772,M04,Milling,3.81,71,12.02,94,2023-03-23 16:30:00,2023-03-23 17:41:00,Delayed,Low Efficiency,120.71775611921777,139.76791681002908,128.11216671899956,136.1139562333982,126.23516790952269,16,3,4,3
J774,M01,Additive,2.43,69,13.76,80,2023-03-23 16:50:00,2023-03-23 17:59:00,Completed,Low Efficiency,106.95676924532607,115.30243277565029,120.71775611921777,139.76791681002908,124.38034211788376,16,3,0,0
J775,M03,Lathe,4.73,34,3.0,92,2023-03-23 17:00:00,2023-03-23 17:34:00,Completed,High Efficiency,131.72972391726873,106.95676924532607,115.30243277565029,120.71775611921777,125.52867454569854,17,3,3,2
J776,M03,Milling,1.86,118,7.64,91,2023-03-23 17:10:00,2023-03-23 19:08:00,Completed,High Efficiency,106.18536225979409,131.72972391726873,106.95676924532607,115.30243277565029,121.25316112089796,17,3,4,2
J777,M02,Additive,1.25,44,12.18,92,2023-03-23 17:20:00,2023-03-23 18:04:00,Delayed,Low Efficiency,114.56606724433071,106.18536225979409,131.72972391726873,106.95676924532607,119.3180040530881,17,3,0,1
J778,M03,Additive,4.9,75,13.52,82,2023-03-23 17:30:00,2023-03-23 18:45:00,Completed,Moderate Efficiency,117.93828453034901,114.56606724433071,106.18536225979409,131.72972391726873,116.19948515599096,17,3,0,2
J779,M01,Grinding,3.67,64,3.28,90,2023-03-23 17:40:00,2023-03-23 18:44:00,Completed,High Efficiency,118.74688348966008,117.93828453034901,114.56606724433071,106.18536225979409,115.91793192319699,17,3,2,0
J780,M03,Grinding,2.3,31,14.58,88,2023-03-23 17:50:00,2023-03-23 18:21:00,Delayed,Low Efficiency,109.6183292269274,118.74688348966008,117.93828453034901,114.56606724433071,115.10591713052229,17,3,2,2
J781,M05,Milling,2.8,103,8.66,92,2023-03-23 18:00:00,2023-03-23 19:43:00,Completed,Low Efficiency,128.4547798103724,109.6183292269274,118.74688348966008,117.93828453034901,118.17706149695748,18,3,4,4
J782,M02,Drilling,1.99,42,7.26,81,2023-03-23 18:10:00,2023-03-23 18:52:00,Completed,Low Efficiency,115.15951874137856,128.4547798103724,109.6183292269274,118.74688348966008,115.80988932897318,18,3,1,1
J783,M01,Drilling,2.84,73,12.23,93,2023-03-23 18:20:00,2023-03-23 19:33:00,Completed,Moderate Efficiency,120.7236359636558,115.15951874137856,128.4547798103724,109.6183292269274,117.88678557238198,18,3,1,0
J784,M02,Additive,4.55,118,7.16,96,2023-03-23 18:30:00,2023-03-23 20:28:00,Completed,Low Efficiency,128.9255163720848,120.7236359636558,115.15951874137856,128.4547798103724,119.93813544777542,18,3,0,1
J785,M04,Lathe,4.92,97,5.17,92,2023-03-23 18:40:00,2023-03-23 20:17:00,Completed,Low Efficiency,135.50049184461113,128.9255163720848,120.7236359636558,115.15951874137856,122.44702220695574,18,3,3,3
J786,M05,Drilling,3.39,110,7.71,92,2023-03-23 18:50:00,2023-03-23 20:40:00,Completed,Low Efficiency,130.9552479069004,135.50049184461113,128.9255163720848,120.7236359636558,124.1910742665615,18,3,1,4
J787,M02,Grinding,4.07,92,11.17,89,2023-03-23 19:00:00,2023-03-23 20:32:00,Completed,Moderate Efficiency,122.18622619167218,130.9552479069004,135.50049184461113,128.9255163720848,125.98648811866789,19,3,2,1
J790,M05,Milling,4.43,28,8.66,98,2023-03-23 19:30:00,2023-03-23 19:58:00,Completed,Low Efficiency,131.30599594221016,118.95309637248094,134.04314310854414,122.18622619167218,128.83853110550055,19,3,4,4
J791,M03,Additive,3.15,106,3.13,92,2023-03-23 19:40:00,2023-03-23 21:26:00,Completed,Low Efficiency,130.07964569787416,131.30599594221016,118.95309637248094,134.04314310854414,129.00340672347045,19,3,0,2
J792,M04,Additive,4.97,70,4.08,93,2023-03-23 19:50:00,2023-03-23 21:00:00,Completed,High Efficiency,141.14857952857588,130.07964569787416,131.30599594221016,118.95309637248094,129.81027639260827,19,3,0,3
J793,M03,Milling,1.41,99,8.8,90,2023-03-23 20:00:00,2023-03-23 21:39:00,Completed,Low Efficiency,106.88799536549085,141.14857952857588,130.07964569787416,131.30599594221016,126.37209745812119,20,3,4,2
J794,M05,Milling,3.28,93,6.66,80,2023-03-23 20:10:00,2023-03-23 21:43:00,Delayed,Low Efficiency,122.05035183570499,106.88799536549085,141.14857952857588,130.07964569787416,126.35268683584016,20,3,4,4
J795,M01,Drilling,4.17,109,3.07,88,2023-03-23 20:20:00,2023-03-23 22:09:00,Delayed,Low Efficiency,125.01613805777829,122.05035183570499,106.88799536549085,141.14857952857588,125.06311468573074,20,3,1,0
J797,M02,Lathe,4.21,99,2.67,94,2023-03-23 20:40:00,2023-03-23 22:19:00,Delayed,Low Efficiency,132.60393203271775,118.44128921767233,125.01613805777829,122.05035183570499,125.17541881940204,20,3,3,1
J798,M03,Milling,3.76,44,10.31,89,2023-03-23 20:50:00,2023-03-23 21:34:00,Completed,Moderate Efficiency,111.60250465298003,132.60393203271775,118.44128921767233,125.01613805777829,122.53582724156003,20,3,4,2
J799,M05,Milling,4.73,104,7.42,95,2023-03-23 21:00:00,2023-03-23 22:44:00,Delayed,Low Efficiency,129.52768348783567,111.60250465298003,132.60393203271775,118.44128921767233,120.87569923573997,21,3,4,4
J800,M01,Milling,1.56,116,10.24,98,2023-03-23 21:10:00,2023-03-23 23:06:00,Delayed,Low Efficiency,109.42217701231019,129.52768348783567,111.60250465298003,132.60393203271775,121.2377251852856,21,3,4,0
J801,M03,Drilling,1.73,55,9.06,83,2023-03-23 21:20:00,2023-03-23 22:15:00,Completed,Low Efficiency,119.63886031944806,109.42217701231019,129.52768348783567,111.60250465298003,120.8932263972489,21,3,1,2
J802,M01,Drilling,2.43,114,8.67,83,2023-03-23 21:30:00,2023-03-23 23:24:00,Completed,High Efficiency,116.43001913415587,119.63886031944806,109.42217701231019,129.52768348783567,119.66663797958856,21,3,1,0
J804,M03,Milling,3.31,34,3.84,92,2023-03-23 21:50:00,2023-03-23 22:24:00,Completed,Low Efficiency,123.62091473912992,126.66265240767304,116.43001913415587,119.63886031944806,119.55783025050468,21,3,4,2
J805,M03,Drilling,3.95,54,8.32,97,2023-03-23 22:00:00,2023-03-23 22:54:00,Completed,Moderate Efficiency,137.14558807287557,123.62091473912992,126.66265240767304,116.43001913415587,123.20684216763263,22,3,1,2
J806,M02,Grinding,4.33,110,2.38,91,2023-03-23 22:10:00,2023-03-24 00:00:00,Completed,Low Efficiency,134.62502040161442,137.14558807287557,123.62091473912992,126.66265240767304,123.9350331553153,22,3,2,1
J807,M05,Milling,4.11,99,7.53,85,2023-03-23 22:20:00,2023-03-23 23:59:00,Completed,Low Efficiency,123.83926202341429,134.62502040161442,137.14558807287557,123.62091473912992,125.99461672833017,22,3,4,4
J808,M05,Drilling,4.73,114,10.93,84,2023-03-23 22:30:00,2023-03-24 00:24:00,Completed,Low Efficiency,124.50803881327876,123.83926202341429,134.62502040161442,137.14558807287557,126.69021365602028,22,3,1,4
J809,M01,Additive,1.57,93,5.43,89,2023-03-23 22:40:00,2023-03-24 00:13:00,Completed,Low Efficiency,111.73784986114285,124.50803881327876,123.83926202341429,134.62502040161442,126.01990375987556,22,3,0,0
J810,M04,Drilling,2.93,84,3.53,86,2023-03-23 22:50:00,2023-03-24 00:14:00,Completed,Low Efficiency,126.75667008720222,111.73784986114285,124.50803881327876,123.83926202341429,126.03333485695114,22,3,1,3
J811,M01,Drilling,1.25,29,7.98,92,2023-03-23 23:00:00,2023-03-23 23:29:00,Completed,Moderate Efficiency,113.73655040395467,126.75667008720222,111.73784986114285,124.50803881327876,124.62128280906897,23,3,1,0
J812,M05,Drilling,2.37,24,10.78,88,2023-03-23 23:10:00,2023-03-23 23:34:00,Completed,Moderate Efficiency,122.9842763672994,113.73655040395467,126.75667008720222,111.73784986114285,122.59823827970094,23,3,1,4
J813,M05,Grinding,1.86,119,3.48,95,2023-03-23 23:20:00,2023-03-24 01:19:00,Completed,High Efficiency,135.39321216497095,122.9842763672994,113.73655040395467,126.75667008720222,122.70797996018044,23,3,2,4
J814,M02,Additive,3.83,104,14.05,91,2023-03-23 23:30:00,2023-03-24 01:14:00,Completed,Low Efficiency,117.55524477619416,135.39321216497095,122.9842763672994,113.73655040395467,121.81026321057756,23,3,0,1
J816,M05,Milling,3.58,34,14.45,96,2023-03-23 23:50:00,2023-03-24 00:24:00,Completed,Moderate Efficiency,128.66939498842856,125.13892617138525,117.55524477619416,135.39321216497095,124.31918213706217,23,3,4,4
J817,M02,Drilling,1.46,66,3.12,95,2023-03-24 00:00:00,2023-03-24 01:06:00,Completed,Low Efficiency,123.5274363971472,128.66939498842856,125.13892617138525,117.55524477619416,123.85786303848288,0,4,1,1
J818,M01,Grinding,4.39,61,11.59,84,2023-03-24 00:10:00,2023-03-24 01:11:00,Completed,Low Efficiency,123.06660870036569,123.5274363971472,128.66939498842856,125.13892617138525,125.19072850939874,0,4,2,0
J819,M05,Milling,2.54,72,7.28,81,2023-03-24 00:20:00,2023-03-24 01:32:00,Completed,Moderate Efficiency,108.69107076414676,123.06660870036569,123.5274363971472,128.66939498842856,123.14884199466266,0,4,4,4
J820,M04,Lathe,3.44,109,13.79,85,2023-03-24 00:30:00,2023-03-24 02:19:00,Delayed,Low Efficiency,112.10679877803975,108.69107076414676,123.06660870036569,123.5274363971472,119.82221151081535,0,4,3,3
J821,M04,Drilling,4.17,24,8.58,92,2023-03-24 00:40:00,2023-03-24 01:04:00,Completed,Moderate Efficiency,130.3432719407908,112.10679877803975,108.69107076414676,123.06660870036569,121.64907253432914,0,4,1,3
J822,M01,Drilling,4.96,90,12.86,97,2023-03-24 00:50:00,2023-03-24 02:20:00,Completed,Low Efficiency,127.58549449935033,130.3432719407908,112.10679877803975,108.69107076414676,121.99858229546702,0,4,1,0
J823,M01,Lathe,2.11,94,8.95,87,2023-03-24 01:00:00,2023-03-24 02:34:00,Completed,Low Efficiency,106.0566097904603,127.58549449935033,130.3432719407908,112.10679877803975,118.76818441004298,1,4,3,0
J824,M05,Grinding,4.09,93,2.9,87,2023-03-24 01:10:00,2023-03-24 02:43:00,Completed,Low Efficiency,129.47908448117786,106.0566097904603,127.58549449935033,130.3432719407908,119.61841985061879,1,4,2,4
J826,M03,Lathe,3.36,67,3.19,93,2023-03-24 01:30:00,2023-03-24 02:37:00,Completed,Low Efficiency,130.96681297702227,113.171398568203,129.47908448117786,106.0566097904603,121.38706729072062,1,4,3,2
J827,M01,Milling,1.11,99,12.67,91,2023-03-24 01:40:00,2023-03-24 03:19:00,Completed,Moderate Efficiency,105.13117557255157,130.96681297702227,113.171398568203,129.47908448117786,120.39054968993659,1,4,4,0
J828,M03,Lathe,3.51,58,10.11,83,2023-03-24 01:50:00,2023-03-24 02:48:00,Completed,Moderate Efficiency,124.68272165869129,105.13117557255157,130.96681297702227,113.171398568203,119.58189964963667,1,4,3,2
J830,M04,Milling,2.73,24,3.36,82,2023-03-24 02:10:00,2023-03-24 02:34:00,Completed,Low Efficiency,115.07378378930763,133.2729450314556,124.68272165869129,105.13117557255157,121.68256029691561,2,4,4,3
J831,M05,Grinding,4.88,80,12.55,80,2023-03-24 02:20:00,2023-03-24 03:40:00,Delayed,Low Efficiency,119.64434807898093,115.07378378930763,133.2729450314556,124.68272165869129,120.2775979537446,2,4,2,4
J832,M01,Grinding,3.68,100,12.13,89,2023-03-24 02:30:00,2023-03-24 04:10:00,Completed,Low Efficiency,120.5095899039588,119.64434807898093,115.07378378930763,133.2729450314556,121.32591100170973,2,4,2,0
J833,M02,Additive,4.31,89,6.12,96,2023-03-24 02:40:00,2023-03-24 04:09:00,Completed,High Efficiency,136.1940091216926,120.5095899039588,119.64434807898093,115.07378378930763,122.0726533080912,2,4,0,1
J834,M04,Milling,3.59,71,12.87,80,2023-03-24 02:50:00,2023-03-24 04:01:00,Completed,Moderate Efficiency,107.27279210776531,136.1940091216926,120.5095899039588,119.64434807898093,122.37859852740745,2,4,4,3
J835,M01,Grinding,1.84,60,13.14,84,2023-03-24 03:00:00,2023-03-24 04:00:00,Completed,Moderate Efficiency,104.12987471384945,107.27279210776531,136.1940091216926,120.5095899039588,119.44247753528718,3,4,2,0
J836,M03,Drilling,1.45,108,12.05,95,2023-03-24 03:10:00,2023-03-24 04:58:00,Delayed,Low Efficiency,121.95138314404214,104.12987471384945,107.27279210776531,136.1940091216926,117.82511155137097,3,4,1,2
J838,M02,Grinding,1.93,102,4.48,80,2023-03-24 03:30:00,2023-03-24 05:12:00,Completed,Low Efficiency,111.25065265589912,122.01639738597385,121.95138314404214,104.12987471384945,117.61781414759731,3,4,2,1
J839,M05,Milling,2.77,74,12.74,98,2023-03-24 03:40:00,2023-03-24 04:54:00,Completed,Low Efficiency,123.15916572423242,111.25065265589912,122.01639738597385,121.95138314404214,117.996324979065,3,4,4,4
J840,M02,Grinding,4.41,118,14.0,98,2023-03-24 03:50:00,2023-03-24 05:48:00,Completed,Low Efficiency,126.09223535777079,123.15916572423242,111.25065265589912,122.01639738597385,116.55321444136186,3,4,2,1
J841,M04,Milling,2.38,91,4.38,94,2023-03-24 04:00:00,2023-03-24 05:31:00,Delayed,Low Efficiency,125.97191379928196,126.09223535777079,123.15916572423242,111.25065265589912,119.22451754014996,4,4,4,3
J842,M01,Milling,2.63,88,13.86,83,2023-03-24 04:10:00,2023-03-24 05:38:00,Delayed,Low Efficiency,99.12399416848098,125.97191379928196,126.09223535777079,123.15916572423242,118.50939174795447,4,4,4,0
J843,M05,Grinding,3.36,61,8.88,87,2023-03-24 04:20:00,2023-03-24 05:21:00,Completed,High Efficiency,127.5666789457127,99.12399416848098,125.97191379928196,126.09223535777079,119.31157686247884,4,4,2,4
J844,M04,Drilling,1.91,58,8.75,96,2023-03-24 04:30:00,2023-03-24 05:28:00,Completed,Low Efficiency,136.1543412360227,127.5666789457127,99.12399416848098,125.97191379928196,121.33128312677152,4,4,1,3
J845,M04,Lathe,2.1,40,14.19,97,2023-03-24 04:40:00,2023-03-24 05:20:00,Completed,Moderate Efficiency,118.45407746838103,136.1543412360227,127.5666789457127,99.12399416848098,122.36034381426894,4,4,3,3
J846,M01,Additive,3.05,91,8.59,91,2023-03-24 04:50:00,2023-03-24 06:21:00,Completed,Low Efficiency,122.20111649225079,118.45407746838103,136.1543412360227,127.5666789457127,122.22347963827156,4,4,0,0
J848,M02,Grinding,1.07,86,6.85,95,2023-03-24 05:10:00,2023-03-24 06:36:00,Completed,Low Efficiency,116.32933681623506,123.16370144447272,122.20111649225079,118.45407746838103,120.42760665307944,5,4,2,1
J849,M05,Grinding,2.81,53,8.73,83,2023-03-24 05:20:00,2023-03-24 06:13:00,Completed,Low Efficiency,114.01054827648554,116.32933681623506,123.16370144447272,122.20111649225079,122.55425723993721,5,4,2,4
J852,M02,Grinding,2.4,68,14.78,85,2023-03-24 05:50:00,2023-03-24 06:58:00,Delayed,Low Efficiency,100.39424818173997,93.16301683515029,120.30904373806857,114.01054827648554,112.79585882634328,5,4,2,1
J853,M03,Additive,4.64,86,11.14,89,2023-03-24 06:00:00,2023-03-24 07:26:00,Completed,Low Efficiency,125.33219072039577,100.39424818173997,93.16301683515029,120.30904373806857,113.2431551446497,6,4,0,2
J854,M05,Milling,3.38,68,12.99,83,2023-03-24 06:10:00,2023-03-24 07:18:00,Completed,Moderate Efficiency,103.87505570926145,125.33219072039577,100.39424818173997,93.16301683515029,110.48763432533381,6,4,4,4
J855,M04,Lathe,3.63,90,13.56,81,2023-03-24 06:20:00,2023-03-24 07:50:00,Completed,Moderate Efficiency,104.56978449053935,103.87505570926145,125.33219072039577,100.39424818173997,108.80769827880583,6,4,3,3
J857,M04,Additive,2.18,62,13.79,87,2023-03-24 06:40:00,2023-03-24 07:42:00,Completed,Moderate Efficiency,106.96717353234696,118.06525831270997,104.56978449053935,103.87505570926145,107.48096111173483,6,4,0,3
J858,M03,Additive,3.5,114,5.38,84,2023-03-24 06:50:00,2023-03-24 08:44:00,Completed,Low Efficiency,123.96364101870084,106.96717353234696,118.06525831270997,104.56978449053935,111.88105028081348,6,4,0,2
J859,M04,Milling,3.95,28,10.09,86,2023-03-24 07:00:00,2023-03-24 07:28:00,Delayed,Low Efficiency,114.34064917733578,123.96364101870084,106.96717353234696,118.06525831270997,113.87339328018432,7,4,4,3
J860,M04,Lathe,4.42,102,8.07,95,2023-03-24 07:10:00,2023-03-24 08:52:00,Completed,High Efficiency,130.4130260419251,114.34064917733578,123.96364101870084,106.96717353234696,114.59922689754565,7,4,3,3
J862,M01,Lathe,3.2,56,2.5,84,2023-03-24 07:30:00,2023-03-24 08:26:00,Delayed,Low Efficiency,120.26252208246433,127.5259201524701,130.4130260419251,114.34064917733578,120.2197414739933,7,4,3,0
J863,M03,Milling,2.91,77,9.83,90,2023-03-24 07:40:00,2023-03-24 08:57:00,Completed,Moderate Efficiency,115.49431010671033,120.26252208246433,127.5259201524701,130.4130260419251,119.8524631588505,7,4,4,2
J864,M02,Grinding,4.28,79,10.56,99,2023-03-24 07:50:00,2023-03-24 09:09:00,Completed,Moderate Efficiency,129.50527228515355,115.49431010671033,120.26252208246433,127.5259201524701,123.07219155210858,7,4,2,1
J865,M04,Drilling,1.95,77,7.76,99,2023-03-24 08:00:00,2023-03-24 09:17:00,Completed,High Efficiency,130.34996387560562,129.50527228515355,115.49431010671033,120.26252208246433,123.98452338880927,8,4,1,3
J866,M01,Grinding,4.32,33,2.47,88,2023-03-24 08:10:00,2023-03-24 08:43:00,Completed,Low Efficiency,123.47230675695117,130.34996387560562,129.50527228515355,115.49431010671033,125.2890459001829,8,4,2,0
J867,M02,Drilling,4.14,81,3.42,88,2023-03-24 08:20:00,2023-03-24 09:41:00,Delayed,Low Efficiency,129.71212337614602,123.47230675695117,130.34996387560562,129.50527228515355,125.18891694792873,8,4,1,1
J868,M04,Milling,2.3,33,7.36,80,2023-03-24 08:30:00,2023-03-24 09:03:00,Delayed,Low Efficiency,111.26175620918306,129.71212337614602,123.47230675695117,130.34996387560562,122.86546495603059,8,4,4,3
J869,M04,Lathe,4.81,39,13.37,88,2023-03-24 08:40:00,2023-03-24 09:19:00,Completed,Moderate Efficiency,112.8372000872847,111.26175620918306,129.71212337614602,123.47230675695117,121.80470467100494,8,4,3,3
J870,M01,Milling,2.68,79,12.19,88,2023-03-24 08:50:00,2023-03-24 10:09:00,Completed,Moderate Efficiency,111.48026461407926,112.8372000872847,111.26175620918306,129.71212337614602,121.23126960062906,8,4,4,0
J871,M03,Lathe,1.47,72,13.33,87,2023-03-24 09:00:00,2023-03-24 10:12:00,Completed,Low Efficiency,111.15588017229096,111.48026461407926,112.8372000872847,111.26175620918306,118.60992787022012,9,4,3,2
J872,M03,Lathe,3.74,91,5.32,96,2023-03-24 09:10:00,2023-03-24 10:41:00,Completed,High Efficiency,127.34912005775305,111.15588017229096,111.48026461407926,112.8372000872847,118.18123589624118,9,4,3,2
J873,M02,Lathe,1.97,109,8.73,91,2023-03-24 09:20:00,2023-03-24 11:09:00,Completed,Low Efficiency,113.51231104273447,127.34912005775305,111.15588017229096,111.48026461407926,116.75837936563879,9,4,3,1
J874,M03,Milling,3.84,74,9.06,83,2023-03-24 09:30:00,2023-03-24 10:44:00,Completed,Low Efficiency,109.57704828594964,113.51231104273447,127.34912005775305,111.15588017229096,113.88194006703931,9,4,4,2
J875,M03,Additive,2.28,85,13.44,93,2023-03-24 09:40:00,2023-03-24 11:05:00,Completed,Low Efficiency,122.74890241793909,109.57704828594964,113.51231104273447,127.34912005775305,115.52296095400445,9,4,0,2
J876,M02,Milling,3.39,55,2.6,81,2023-03-24 09:50:00,2023-03-24 10:45:00,Delayed,Low Efficiency,111.73888856277044,122.74890241793909,109.57704828594964,113.51231104273447,115.36605930764527,9,4,4,1
J877,M05,Milling,2.41,23,6.93,99,2023-03-24 10:00:00,2023-03-24 10:23:00,Delayed,Low Efficiency,126.20661494878539,111.73888856277044,122.74890241793909,109.57704828594964,117.46982364117471,10,4,4,4
J878,M05,Milling,3.92,116,3.49,88,2023-03-24 10:10:00,2023-03-24 12:06:00,Completed,High Efficiency,123.63740046096166,126.20661494878539,111.73888856277044,122.74890241793909,119.25289796812767,10,4,4,4
J881,M03,Grinding,3.08,105,10.44,98,2023-03-24 10:40:00,2023-03-24 12:25:00,Completed,Moderate Efficiency,132.2843082118285,128.6648536425514,112.74177138505644,123.63740046096166,122.57467708998469,10,4,2,2
J882,M05,Lathe,3.27,60,7.5,90,2023-03-24 10:50:00,2023-03-24 11:50:00,Completed,Low Efficiency,119.62196787896868,132.2843082118285,128.6648536425514,112.74177138505644,122.12797215584608,10,4,3,4
J883,M02,Milling,2.12,43,3.75,84,2023-03-24 11:00:00,2023-03-24 11:43:00,Completed,High Efficiency,113.91947341558138,119.62196787896868,132.2843082118285,128.6648536425514,122.4394842776762,11,4,4,1
J884,M02,Grinding,3.58,32,13.96,82,2023-03-24 11:10:00,2023-03-24 11:42:00,Completed,Low Efficiency,107.81538477614846,113.91947341558138,119.62196787896868,132.2843082118285,119.81216568158523,11,4,2,1
J885,M05,Drilling,4.98,45,8.68,95,2023-03-24 11:20:00,2023-03-24 12:05:00,Completed,Moderate Efficiency,133.20342744038751,107.81538477614846,113.91947341558138,119.62196787896868,121.17874096436034,11,4,1,4
J886,M04,Drilling,3.75,25,9.4,90,2023-03-24 11:30:00,2023-03-24 11:55:00,Completed,Low Efficiency,121.90609931682032,133.20342744038751,107.81538477614846,113.91947341558138,122.48793066889804,11,4,1,3
J887,M04,Lathe,1.69,105,11.47,87,2023-03-24 11:40:00,2023-03-24 13:25:00,Completed,Moderate Efficiency,114.93299271776232,121.90609931682032,133.20342744038751,107.81538477614846,120.52623625107104,11,4,3,3
J888,M02,Additive,4.87,82,4.26,94,2023-03-24 11:50:00,2023-03-24 13:12:00,Delayed,Low Efficiency,136.0047970344903,114.93299271776232,121.90609931682032,133.20342744038751,121.05773465430842,11,4,0,1
J890,M01,Drilling,2.53,30,13.66,92,2023-03-24 12:10:00,2023-03-24 12:40:00,Completed,Low Efficiency,110.05551557302815,124.70085092318655,136.0047970344903,114.93299271776232,121.23129539740339,12,4,1,0
J891,M02,Milling,3.14,104,3.16,92,2023-03-24 12:20:00,2023-03-24 14:04:00,Completed,Low Efficiency,121.0620928407612,110.05551557302815,124.70085092318655,136.0047970344903,123.12368226377662,12,4,4,1
J892,M02,Drilling,4.65,43,14.03,91,2023-03-24 12:30:00,2023-03-24 13:13:00,Completed,Moderate Efficiency,124.10023575043925,121.0620928407612,110.05551557302815,124.70085092318655,121.82322630806972,12,4,1,1
J893,M04,Lathe,3.22,115,12.2,90,2023-03-24 12:40:00,2023-03-24 14:35:00,Completed,Moderate Efficiency,121.78204248055557,124.10023575043925,121.0620928407612,110.05551557302815,121.80550390288904,12,4,3,3
J894,M01,Milling,1.58,68,12.26,94,2023-03-24 12:50:00,2023-03-24 13:58:00,Completed,Low Efficiency,107.1414179883649,121.78204248055557,124.10023575043925,121.0620928407612,120.69242179868941,12,4,4,0
J895,M05,Additive,1.32,82,6.89,93,2023-03-24 13:00:00,2023-03-24 14:22:00,Completed,High Efficiency,119.64240064179782,107.1414179883649,121.78204248055557,124.10023575043925,118.35493659973335,13,4,0,4
J896,M04,Grinding,1.24,109,2.05,97,2023-03-24 13:10:00,2023-03-24 14:59:00,Completed,High Efficiency,139.96978039875003,119.64240064179782,107.1414179883649,121.78204248055557,120.53621223909957,13,4,2,3
J897,M05,Grinding,2.04,60,9.29,99,2023-03-24 13:20:00,2023-03-24 14:20:00,Completed,Low Efficiency,122.90925345882894,139.96978039875003,119.64240064179782,107.1414179883649,122.37246050849967,13,4,2,4
J898,M05,Additive,4.77,20,9.81,86,2023-03-24 13:30:00,2023-03-24 13:50:00,Delayed,Low Efficiency,122.01506300164105,122.90925345882894,139.96978039875003,119.64240064179782,122.50859910291108,13,4,0,4
J899,M03,Lathe,1.47,75,14.44,80,2023-03-24 13:40:00,2023-03-24 14:55:00,Completed,Moderate Efficiency,111.78912293884075,122.01506300164105,122.90925345882894,139.96978039875003,120.74986870125416,13,4,3,2
J900,M03,Lathe,2.77,59,6.61,93,2023-03-24 13:50:00,2023-03-24 14:49:00,Completed,High Efficiency,121.14283853074532,111.78912293884075,122.01506300164105,122.90925345882894,120.65855385128125,13,4,3,2
J901,M05,Drilling,1.4,94,12.06,89,2023-03-24 14:00:00,2023-03-24 15:34:00,Delayed,Low Efficiency,108.31933655869297,121.14283853074532,111.78912293884075,122.01506300164105,120.82682793275671,14,4,1,4
J902,M03,Lathe,2.44,103,13.56,95,2023-03-24 14:10:00,2023-03-24 15:53:00,Completed,Moderate Efficiency,111.8508011660566,108.31933655869297,121.14283853074532,111.78912293884075,119.71374229336509,14,4,3,2
J903,M03,Grinding,4.04,95,14.48,97,2023-03-24 14:20:00,2023-03-24 15:55:00,Completed,Low Efficiency,125.20172448011135,111.8508011660566,108.31933655869297,121.14283853074532,117.60402001927385,14,4,2,2
J905,M03,Lathe,2.79,48,7.14,91,2023-03-24 14:40:00,2023-03-24 15:28:00,Completed,High Efficiency,116.73835401373205,111.91955778796971,125.20172448011135,111.8508011660566,115.2802479251641,14,4,3,2
J906,M01,Additive,4.27,60,3.92,94,2023-03-24 14:50:00,2023-03-24 15:50:00,Delayed,Low Efficiency,144.5546180006398,116.73835401373205,111.91955778796971,125.20172448011135,119.96103293399254,14,4,0,0
J907,M02,Drilling,1.98,90,14.41,98,2023-03-24 15:00:00,2023-03-24 16:30:00,Delayed,Low Efficiency,114.93010161003315,144.5546180006398,116.73835401373205,111.91955778796971,119.07349908817652,15,4,1,1
J908,M02,Milling,3.41,106,14.25,85,2023-03-24 15:10:00,2023-03-24 16:56:00,Completed,Moderate Efficiency,100.41156704794224,114.93010161003315,144.5546180006398,116.73835401373205,117.94381772949785,15,4,4,1
J909,M04,Additive,4.29,116,13.6,87,2023-03-24 15:20:00,2023-03-24 17:16:00,Completed,Moderate Efficiency,127.5984669923033,100.41156704794224,114.93010161003315,144.5546180006398,120.19348427610453,15,4,0,3
J910,M02,Additive,4.83,38,12.13,85,2023-03-24 15:30:00,2023-03-24 16:08:00,Completed,Low Efficiency,128.49431423269843,127.5984669923033,100.41156704794224,114.93010161003315,120.66385424075982,15,4,0,1
J911,M03,Grinding,2.55,112,4.12,87,2023-03-24 15:40:00,2023-03-24 17:32:00,Completed,Low Efficiency,118.49353451191887,128.49431423269843,127.5984669923033,100.41156704794224,121.60299377275255,15,4,2,2
J913,M05,Additive,2.37,31,12.76,91,2023-03-24 16:00:00,2023-03-24 16:31:00,Completed,Low Efficiency,126.93519133707802,108.23726353480345,118.49353451191887,128.49431423269843,117.87149132382535,16,4,0,4
J914,M03,Lathe,1.17,72,9.64,92,2023-03-24 16:10:00,2023-03-24 17:22:00,Completed,Low Efficiency,102.8903819347102,126.93519133707802,108.23726353480345,118.49353451191887,116.15153137020779,16,4,3,2
J915,M02,Additive,4.4,83,12.24,98,2023-03-24 16:20:00,2023-03-24 17:43:00,Delayed,Low Efficiency,124.47889170301691,102.8903819347102,126.93519133707802,108.23726353480345,119.58972060664702,16,4,0,1
J916,M01,Drilling,4.75,31,8.94,98,2023-03-24 16:30:00,2023-03-24 17:01:00,Completed,Moderate Efficiency,137.1342307502512,124.47889170301691,102.8903819347102,126.93519133707802,120.95197257206814,16,4,1,0
J917,M04,Grinding,2.11,40,6.24,92,2023-03-24 16:40:00,2023-03-24 17:20:00,Completed,Low Efficiency,123.72023725988807,137.1342307502512,124.47889170301691,102.8903819347102,120.2699615759524,16,4,2,3
J919,M05,Grinding,1.71,48,11.56,83,2023-03-24 17:00:00,2023-03-24 17:48:00,Completed,Moderate Efficiency,112.2770830324719,108.90831325703657,123.72023725988807,137.1342307502512,119.47776132492184,17,4,2,4
J920,M04,Additive,4.26,43,9.59,81,2023-03-24 17:10:00,2023-03-24 17:53:00,Completed,Moderate Efficiency,121.93812788227295,112.2770830324719,108.90831325703657,123.72023725988807,118.76389511709256,17,4,0,3
J921,M01,Grinding,2.73,90,7.46,85,2023-03-24 17:20:00,2023-03-24 18:50:00,Completed,High Efficiency,108.10956638918455,121.93812788227295,112.2770830324719,108.90831325703657,119.50949289630316,17,4,2,0
J922,M02,Drilling,1.62,46,4.17,97,2023-03-24 17:30:00,2023-03-24 18:16:00,Completed,High Efficiency,134.14637673003094,108.10956638918455,121.93812788227295,112.2770830324719,120.89056218587659,17,4,1,1
J923,M02,Milling,4.85,91,14.43,80,2023-03-24 17:40:00,2023-03-24 19:11:00,Completed,Low Efficiency,113.78407026443406,134.14637673003094,108.10956638918455,121.93812788227295,117.554824973617,17,4,4,1
J924,M04,Drilling,4.24,84,3.01,99,2023-03-24 17:50:00,2023-03-24 19:14:00,Delayed,Low Efficiency,143.9546628188898,113.78407026443406,134.14637673003094,108.10956638918455,120.44545719633153,17,4,1,3
J925,M02,Additive,3.4,30,5.58,86,2023-03-24 18:00:00,2023-03-24 18:30:00,Completed,Low Efficiency,125.72967007716005,143.9546628188898,113.78407026443406,134.14637673003094,122.84850817063489,18,4,0,1
J926,M05,Grinding,3.91,115,4.62,95,2023-03-24 18:10:00,2023-03-24 20:05:00,Completed,Low Efficiency,147.8391240301003,125.72967007716005,143.9546628188898,113.78407026443406,127.92879974172466,18,4,2,4
J927,M01,Drilling,1.4,60,6.27,90,2023-03-24 18:20:00,2023-03-24 19:20:00,Completed,High Efficiency,115.99383577492083,147.8391240301003,125.72967007716005,143.9546628188898,127.07961515496007,18,4,1,0
J928,M02,Additive,4.46,100,7.59,88,2023-03-24 18:30:00,2023-03-24 20:10:00,Completed,Low Efficiency,127.1041150908298,115.99383577492083,147.8391240301003,125.72967007716005,129.79312211233795,18,4,0,1
J930,M03,Lathe,3.12,101,9.44,85,2023-03-24 18:50:00,2023-03-24 20:31:00,Completed,Low Efficiency,121.94860978071169,105.19940624620254,127.1041150908298,115.99383577492083,126.82420340268787,18,4,3,2
J931,M03,Lathe,1.12,55,5.05,91,2023-03-24 19:00:00,2023-03-24 19:55:00,Completed,Low Efficiency,125.62385377208741,121.94860978071169,105.19940624620254,127.1041150908298,124.20551639600181,19,4,3,2
J933,M02,Lathe,4.01,49,4.23,96,2023-03-24 19:20:00,2023-03-24 20:09:00,Completed,Low Efficiency,132.80065622979674,119.92113684161615,125.62385377208741,121.94860978071169,121.22737339088074,19,4,3,1
J934,M05,Drilling,1.12,88,11.95,98,2023-03-24 19:30:00,2023-03-24 20:58:00,Completed,Low Efficiency,115.08958266467963,132.80065622979674,119.92113684161615,125.62385377208741,121.098194375132,19,4,1,4
J935,M02,Drilling,3.28,81,5.14,99,2023-03-24 19:40:00,2023-03-24 21:01:00,Completed,High Efficiency,132.4521194604189,115.08958266467963,132.80065622979674,119.92113684161615,121.862194999359,19,4,1,1
J936,M05,Drilling,2.67,22,13.15,83,2023-03-24 19:50:00,2023-03-24 20:12:00,Completed,Moderate Efficiency,109.76354802260347,132.4521194604189,115.08958266467963,132.80065622979674,122.51421525313057,19,4,1,4
J937,M02,Drilling,4.28,103,14.71,88,2023-03-24 20:00:00,2023-03-24 21:43:00,Completed,Low Efficiency,112.19384123850509,109.76354802260347,132.4521194604189,115.08958266467963,121.12067688995819,20,4,1,1
J938,M02,Drilling,1.97,47,9.72,99,2023-03-24 20:10:00,2023-03-24 20:57:00,Completed,Moderate Efficiency,132.33888358133663,112.19384123850509,109.76354802260347,132.4521194604189,122.07996686270808,20,4,1,1
J939,M02,Drilling,3.28,50,7.97,96,2023-03-24 20:20:00,2023-03-24 21:10:00,Delayed,Low Efficiency,124.25456669096928,132.33888358133663,112.19384123850509,109.76354802260347,122.69902826975853,20,4,1,1
J940,M01,Milling,2.31,87,5.9,95,2023-03-24 20:30:00,2023-03-24 21:57:00,Completed,High Efficiency,116.34697045994272,124.25456669096928,132.33888358133663,112.19384123850509,120.34850173120796,20,4,4,0
J941,M02,Lathe,2.88,105,14.3,83,2023-03-24 20:40:00,2023-03-24 22:25:00,Completed,Moderate Efficiency,106.6492439395843,116.34697045994272,124.25456669096928,132.33888358133663,119.14273905619434,20,4,3,1
J942,M04,Additive,4.73,20,4.97,90,2023-03-24 20:50:00,2023-03-24 21:10:00,Completed,High Efficiency,143.58012633486794,106.6492439395843,116.34697045994272,124.25456669096928,120.73245432397277,20,4,0,3
J944,M02,Additive,4.31,43,6.5,90,2023-03-24 21:10:00,2023-03-24 21:53:00,Delayed,Low Efficiency,144.5817755701079,122.98057563194418,143.58012633486794,106.6492439395843,127.2474488869647,21,4,0,1
J945,M04,Lathe,3.1,33,2.46,97,2023-03-24 21:20:00,2023-03-24 21:53:00,Delayed,Low Efficiency,133.62466010874428,144.5817755701079,122.98057563194418,143.58012633486794,127.43113124802294,21,4,3,3
J946,M01,Lathe,1.94,45,2.43,90,2023-03-24 21:30:00,2023-03-24 22:15:00,Completed,Low Efficiency,121.16758220114875,133.62466010874428,144.5817755701079,122.98057563194418,126.99013346376287,21,4,3,0
J947,M02,Drilling,2.99,88,8.42,82,2023-03-24 21:40:00,2023-03-24 23:08:00,Completed,Low Efficiency,116.83900336992029,121.16758220114875,133.62466010874428,144.5817755701079,127.06042387947396,21,4,1,1
J948,M02,Milling,1.29,100,7.13,82,2023-03-24 21:50:00,2023-03-24 23:30:00,Completed,High Efficiency,112.23424693394578,116.83900336992029,121.16758220114875,133.62466010874428,127.85828145009702,21,4,4,1
J949,M03,Drilling,3.01,57,14.36,93,2023-03-24 22:00:00,2023-03-24 22:57:00,Completed,Moderate Efficiency,121.23919475554808,112.23424693394578,116.83900336992029,121.16758220114875,124.66671979590846,22,4,1,2
J950,M04,Drilling,4.7,92,4.0,89,2023-03-24 22:10:00,2023-03-24 23:42:00,Completed,High Efficiency,134.76885149806424,121.23919475554808,112.23424693394578,116.83900336992029,126.35075920535418,22,4,1,3
J951,M05,Drilling,2.42,81,4.52,80,2023-03-24 22:20:00,2023-03-24 23:41:00,Completed,High Efficiency,116.30855702546559,134.76885149806424,121.23919475554808,112.23424693394578,122.31172798469099,22,4,1,4
J952,M02,Lathe,1.69,24,10.01,83,2023-03-24 22:30:00,2023-03-24 22:54:00,Completed,Moderate Efficiency,107.02521727980817,116.30855702546559,134.76885149806424,121.23919475554808,118.51180758055727,22,4,3,1
J953,M03,Lathe,2.85,103,7.28,97,2023-03-24 22:40:00,2023-03-25 00:23:00,Completed,High Efficiency,132.8457241564598,107.02521727980817,116.30855702546559,134.76885149806424,120.18011357417313,22,4,3,2
J954,M01,Grinding,4.54,39,3.74,91,2023-03-24 22:50:00,2023-03-24 23:29:00,Completed,Low Efficiency,128.15009103171064,132.8457241564598,107.02521727980817,116.30855702546559,121.79598324014319,22,4,2,0
J956,M01,Lathe,2.71,51,7.12,90,2023-03-24 23:10:00,2023-03-25 00:01:00,Completed,High Efficiency,118.17173894342422,116.1667180920829,128.15009103171064,132.8457241564598,121.91955686100222,23,4,3,0
J957,M02,Drilling,3.98,90,8.91,86,2023-03-24 23:20:00,2023-03-25 00:50:00,Delayed,Low Efficiency,125.85559829190659,118.17173894342422,116.1667180920829,128.15009103171064,120.64623497440827,23,4,1,1
J958,M05,Grinding,3.02,44,2.83,98,2023-03-24 23:30:00,2023-03-25 00:14:00,Completed,Low Efficiency,133.55023129681067,125.85559829190659,118.17173894342422,116.1667180920829,123.10933129888615,23,4,2,4
J959,M04,Additive,4.28,84,14.44,88,2023-03-24 23:40:00,2023-03-25 01:04:00,Completed,Moderate Efficiency,134.28523515263282,133.55023129681067,125.85559829190659,118.17173894342422,127.00361956643253,23,4,0,3
J960,M04,Additive,2.17,88,3.03,80,2023-03-24 23:50:00,2023-03-25 01:18:00,Completed,Low Efficiency,116.06319446485871,134.28523515263282,133.55023129681067,125.85559829190659,124.60611532477523,23,4,0,3
J961,M04,Milling,4.15,93,2.24,97,2023-03-25 00:00:00,2023-03-25 01:33:00,Completed,High Efficiency,134.10924455006983,116.06319446485871,134.28523515263282,133.55023129681067,125.45742297025511,0,5,4,3
J962,M01,Grinding,4.64,67,10.74,96,2023-03-25 00:10:00,2023-03-25 01:17:00,Completed,Moderate Efficiency,130.84246270452823,134.10924455006983,116.06319446485871,134.28523515263282,127.55395791489015,0,5,2,0
J963,M04,Additive,3.83,101,11.33,80,2023-03-25 00:20:00,2023-03-25 02:01:00,Completed,Low Efficiency,119.79266586247057,130.84246270452823,134.10924455006983,116.06319446485871,127.78551890332535,0,5,0,3
J964,M03,Additive,4.86,66,8.07,93,2023-03-25 00:30:00,2023-03-25 01:36:00,Completed,Moderate Efficiency,138.8759307954055,119.79266586247057,130.84246270452823,134.10924455006983,129.64556640382517,0,5,0,2
J965,M02,Drilling,2.38,43,12.77,97,2023-03-25 00:40:00,2023-03-25 01:23:00,Completed,Moderate Efficiency,117.6254883300872,138.8759307954055,119.79266586247057,130.84246270452823,127.3706031228647,0,5,1,1
J966,M02,Lathe,1.49,114,10.41,84,2023-03-25 00:50:00,2023-03-25 02:44:00,Completed,Low Efficiency,105.04897508659829,117.6254883300872,138.8759307954055,119.79266586247057,123.19399454200261,0,5,3,1
J967,M05,Additive,4.38,64,8.79,98,2023-03-25 01:00:00,2023-03-25 02:04:00,Completed,Low Efficiency,139.2431599181941,105.04897508659829,117.6254883300872,138.8759307954055,126.50541817819338,1,5,0,4
J968,M03,Milling,3.55,32,13.1,89,2023-03-25 01:10:00,2023-03-25 01:42:00,Completed,Moderate Efficiency,120.75129807267952,139.2431599181941,105.04897508659829,117.6254883300872,124.59714010999478,1,5,4,2
J969,M02,Drilling,4.5,32,8.68,91,2023-03-25 01:20:00,2023-03-25 01:52:00,Delayed,Low Efficiency,131.08614512191525,120.75129807267952,139.2431599181941,105.04897508659829,124.6319518839072,1,5,1,1
J970,M04,Grinding,2.78,75,4.4,82,2023-03-25 01:30:00,2023-03-25 02:45:00,Completed,Low Efficiency,124.53336054182337,131.08614512191525,120.75129807267952,139.2431599181941,125.3091939809576,1,5,2,3
J971,M02,Drilling,1.88,119,4.69,83,2023-03-25 01:40:00,2023-03-25 03:39:00,Completed,Low Efficiency,113.56236953731603,124.53336054182337,131.08614512191525,120.75129807267952,121.69297094408769,1,5,1,1
J972,M03,Drilling,4.67,59,10.72,80,2023-03-25 01:50:00,2023-03-25 02:49:00,Completed,Moderate Efficiency,123.32541319281525,113.56236953731603,124.53336054182337,131.08614512191525,122.5072459244774,1,5,1,2
J973,M02,Milling,4.43,61,11.68,89,2023-03-25 02:00:00,2023-03-25 03:01:00,Completed,Low Efficiency,117.31690831784401,123.32541319281525,113.56236953731603,124.53336054182337,124.25980781465536,2,5,4,1
J974,M05,Additive,2.81,41,14.04,92,2023-03-25 02:10:00,2023-03-25 02:51:00,Delayed,Low Efficiency,129.53272657838966,117.31690831784401,123.32541319281525,113.56236953731603,122.87260305182615,2,5,0,4
J975,M03,Lathe,1.35,93,10.22,94,2023-03-25 02:20:00,2023-03-25 03:53:00,Completed,Low Efficiency,124.73130077459234,129.53272657838966,117.31690831784401,123.32541319281525,123.44117486638513,2,5,3,2
J978,M02,Milling,3.57,98,10.05,99,2023-03-25 02:50:00,2023-03-25 04:28:00,Delayed,Low Efficiency,118.81477504448814,112.0234843477747,127.79517111986499,124.73130077459234,121.93425419653843,2,5,4,1
J979,M02,Additive,1.15,100,9.77,98,2023-03-25 03:00:00,2023-03-25 04:40:00,Delayed,Low Efficiency,121.48310244141841,118.81477504448814,112.0234843477747,127.79517111986499,121.67106694633888,3,5,0,1
J981,M02,Drilling,1.89,80,14.98,91,2023-03-25 03:20:00,2023-03-25 04:40:00,Completed,Low Efficiency,112.73652199785505,118.08987275524808,121.48310244141841,118.81477504448814,119.38203264017739,3,5,1,1
J982,M01,Additive,1.29,27,13.25,96,2023-03-25 03:30:00,2023-03-25 03:57:00,Completed,Low Efficiency,114.69216591533133,112.73652199785505,118.08987275524808,121.48310244141841,117.94787051742581,3,5,0,0
J983,M05,Lathe,2.85,46,14.1,91,2023-03-25 03:40:00,2023-03-25 04:26:00,Delayed,Low Efficiency,114.0470035960919,114.69216591533133,112.73652199785505,118.08987275524808,115.98384658545822,3,5,3,4
J984,M04,Grinding,2.02,74,9.05,84,2023-03-25 03:50:00,2023-03-25 05:04:00,Delayed,Low Efficiency,119.23292568063926,114.0470035960919,114.69216591533133,112.73652199785505,117.01376677586745,3,5,2,3
J985,M02,Additive,3.71,103,5.66,92,2023-03-25 04:00:00,2023-03-25 05:43:00,Delayed,Low Efficiency,126.60359884424275,119.23292568063926,114.0470035960919,114.69216591533133,118.12645589011811,4,5,0,1
J986,M05,Additive,3.47,60,3.53,93,2023-03-25 04:10:00,2023-03-25 05:10:00,Completed,High Efficiency,140.4745397657567,126.60359884424275,119.23292568063926,114.0470035960919,120.83951836502358,4,5,0,4
J987,M02,Lathe,1.9,120,10.87,97,2023-03-25 04:20:00,2023-03-25 06:20:00,Completed,Low Efficiency,114.6762913640576,140.4745397657567,126.60359884424275,119.23292568063926,120.35186388056779,4,5,3,1
J988,M04,Milling,3.38,104,8.83,82,2023-03-25 04:30:00,2023-03-25 06:14:00,Completed,Low Efficiency,116.95584252434982,114.6762913640576,140.4745397657567,126.60359884424275,120.95462395578134,4,5,4,3
J989,M03,Milling,3.77,89,5.67,98,2023-03-25 04:40:00,2023-03-25 06:09:00,Completed,Low Efficiency,136.71730773361114,116.95584252434982,114.6762913640576,140.4745397657567,124.10107278696417,4,5,4,2
J990,M03,Milling,1.62,87,12.82,86,2023-03-25 04:50:00,2023-03-25 06:17:00,Completed,Low Efficiency,102.57050873287963,136.71730773361114,116.95584252434982,114.6762913640576,122.46157352079099,4,5,4,2
J991,M02,Milling,3.05,36,6.33,99,2023-03-25 05:00:00,2023-03-25 05:36:00,Completed,Low Efficiency,127.98416453636575,102.57050873287963,136.71730773361114,116.95584252434982,123.71175050018049,5,5,4,1
J992,M01,Grinding,4.27,83,6.7,96,2023-03-25 05:10:00,2023-03-25 06:33:00,Completed,High Efficiency,130.59896432866591,127.98416453636575,102.57050873287963,136.71730773361114,124.28251699795523,5,5,2,0
J993,M05,Lathe,3.68,105,9.95,95,2023-03-25 05:20:00,2023-03-25 07:05:00,Delayed,Low Efficiency,122.94288800228452,130.59896432866591,127.98416453636575,102.57050873287963,121.7779953174592,5,5,3,4
J994,M05,Milling,3.35,94,9.39,89,2023-03-25 05:30:00,2023-03-25 07:04:00,Completed,Low Efficiency,120.86093754870969,122.94288800228452,130.59896432866591,127.98416453636575,122.66151620098093,5,5,4,4
J998,M03,Lathe,1.31,102,14.1,83,2023-03-25 06:10:00,2023-03-25 07:52:00,Completed,Moderate Efficiency,101.53596150155073,131.5240055158998,135.7223541022309,121.19660252639406,123.48310193224795,6,5,3,2
J999,M02,Lathe,2.4,75,9.08,83,2023-03-25 06:20:00,2023-03-25 07:35:00,Completed,Moderate Efficiency,103.66594527578434,101.53596150155073,131.5240055158998,135.7223541022309,119.6355277818363,6,5,3,1
J1000,M05,Additive,1.32,111,3.88,91,2023-03-25 06:30:00,2023-03-25 08:21:00,Completed,Low Efficiency,126.97342962260073,103.66594527578434,101.53596150155073,131.5240055158998,120.21131944188146,6,5,0,4
